data_1,data_2,data_3,data_4
-0.7808139,-0.19035724,0.16093296,0.43749407
