data_1,data_2,data_3,data_4,data_5
-0.6100581,0.85761505,0.1530662,-0.08010884,-0.9194431
