data_1,data_2,data_3,data_4,data_5,data_6,data_7,data_8
-0.17030396,0.05173464,0.22373691,0.6090616,-0.25228557,-0.69047594,0.6678267,-0.36092448
