data_1,data_2,data_3,data_4,data_5,data_6,data_7,data_8,data_9,data_10,data_11,data_12,data_13,data_14,data_15,data_16,data_17,data_18,data_19,data_20,data_21,data_22,data_23,data_24,data_25,data_26,data_27,data_28,data_29,data_30,data_31,data_32,data_33,data_34,data_35,data_36,data_37,data_38,data_39,data_40,data_41,data_42,data_43,data_44,data_45,data_46,data_47,data_48,data_49,data_50
0.67815286,0.014058847,-0.5803332,0.63271874,-0.6522757,0.5197309,-0.0042752754,-0.6414962,0.75602275,0.7586308,0.9116962,0.540462,-0.27845478,0.48833555,-0.41891536,0.84510344,0.08954325,-0.84940076,0.3647223,0.5207484,0.3366468,0.3381204,0.8098887,-0.7335223,0.50034225,-0.3409916,0.17123,0.8691796,-0.9539565,-0.37547815,0.7409626,-0.28955343,-0.8484211,-0.8561501,-0.9392013,-0.4999634,-0.58280385,-0.20288663,-0.56589484,-0.3820741,-0.30652303,-0.8053628,-0.10621736,0.65543246,-0.12828892,0.14261697,0.06277626,0.6312865,-0.15983085,0.30885404
