data_1,data_2,data_3,data_4,data_5,data_6,data_7,data_8
0.86923134,-0.14319253,-1.2170777,-1.4432667,1.7262872,-0.6245382,1.0608987,0.24844313
