parameter_1,parameter_2,parameter_3,parameter_4,parameter_5
-0.21761167,-0.8496206,-1.4655982,0.8635154,0.81369233
