data_1,data_2,data_3,data_4,data_5,data_6,data_7,data_8,data_9,data_10,data_11,data_12,data_13,data_14,data_15,data_16,data_17,data_18,data_19,data_20,data_21,data_22,data_23,data_24,data_25,data_26,data_27,data_28,data_29,data_30,data_31,data_32,data_33,data_34,data_35,data_36,data_37,data_38,data_39,data_40,data_41,data_42,data_43,data_44,data_45,data_46,data_47,data_48,data_49,data_50,data_51,data_52,data_53,data_54,data_55,data_56,data_57,data_58,data_59,data_60,data_61,data_62,data_63,data_64,data_65,data_66,data_67,data_68,data_69,data_70,data_71,data_72,data_73,data_74,data_75
-0.29771864,0.7247343,0.1457273,-0.4691158,-0.8299783,0.25581086,-0.3508509,-0.32398054,-0.32129243,0.6776819,0.38709685,-0.20336345,0.05151379,-0.34771055,-0.49392378,-0.33743447,0.20921208,1.0422674,0.120350346,-0.8051723,0.4349509,-0.17098841,-0.2975689,-0.051707327,-0.19913182,0.18693282,0.37441844,-0.53356725,-0.99391854,-0.30691165,0.82530123,0.8592155,-0.17436151,0.15783519,0.087183654,-0.09610754,0.47097248,-1.0810493,-0.15624559,0.59423125,-1.3225646,0.15832034,-0.57752174,-0.17803884,1.028606,-0.7522999,0.6087797,-0.44549003,-0.16753173,-0.6299576,-0.15765768,0.16440612,1.2731082,-0.958179,0.4642463,-0.0718836,-0.97261804,-0.6722502,-0.39723527,1.2456149,-0.5898026,0.39850014,0.4934978,0.47877136,0.63961697,1.2149047,-0.32605052,0.7758504,-0.4638211,0.046932556,-0.1540131,0.7868291,-0.8086304,-1.0680805,-1.2883288
