parameter_1,parameter_2,parameter_3,parameter_4,parameter_5,parameter_6,parameter_7,parameter_8,parameter_9,parameter_10,parameter_11,parameter_12,parameter_13,parameter_14,parameter_15,parameter_16,parameter_17,parameter_18,parameter_19,parameter_20,parameter_21,parameter_22,parameter_23,parameter_24,parameter_25,parameter_26,parameter_27,parameter_28,parameter_29,parameter_30,parameter_31,parameter_32,parameter_33,parameter_34,parameter_35,parameter_36,parameter_37,parameter_38,parameter_39,parameter_40,parameter_41,parameter_42,parameter_43,parameter_44,parameter_45,parameter_46,parameter_47,parameter_48,parameter_49,parameter_50,parameter_51,parameter_52,parameter_53,parameter_54,parameter_55,parameter_56,parameter_57,parameter_58,parameter_59,parameter_60,parameter_61,parameter_62,parameter_63,parameter_64,parameter_65,parameter_66,parameter_67,parameter_68,parameter_69,parameter_70,parameter_71,parameter_72,parameter_73,parameter_74,parameter_75
-0.61911654,0.829502,0.10599208,-0.09929764,-0.8491708,0.80009747,-0.6855464,0.088377714,0.04646504,0.51540077,0.42097712,-0.06867397,-0.20720732,-0.36022806,-0.717958,-0.76455796,0.32912803,0.63889635,0.23077989,-0.8294935,0.59470916,0.14663672,-0.6621845,0.087616324,-0.40356195,0.16223502,0.16061151,-0.4754429,-0.8314762,-0.49979937,0.7339926,0.57400453,-0.10648227,0.45654118,0.43966365,-0.8668078,-0.12610853,-0.68470836,0.16989183,0.41675842,-0.9641701,0.14984882,-0.24508011,-0.67841375,0.8212625,-0.7676103,0.19471586,-0.43955982,-0.7256192,-0.41961253,-0.21463859,-0.43069792,0.73447156,-0.97101843,0.7622516,0.02794683,-0.7290939,-0.551769,-0.40443575,0.8487328,-0.5476415,0.18413842,0.0108459,0.9496136,0.9165392,0.79797184,-0.29284906,0.44642818,-0.68691576,0.12846327,0.13056076,0.73889256,-0.90560997,-0.84968054,-0.8467647
