data_1,data_2,data_3,data_4,data_5,data_6,data_7,data_8,data_9,data_10
0.71575147,-0.33318782,0.7359737,-1.0015397,0.6111266,0.5708196,0.00878337,-0.33231136,-0.93205947,-1.0270433
