data_1,data_2,data_3,data_4,data_5,data_6,data_7,data_8,data_9,data_10,data_11,data_12,data_13,data_14,data_15,data_16,data_17,data_18,data_19,data_20,data_21,data_22,data_23,data_24,data_25,data_26,data_27,data_28,data_29,data_30,data_31,data_32,data_33,data_34,data_35,data_36,data_37,data_38,data_39,data_40,data_41,data_42,data_43,data_44,data_45,data_46,data_47,data_48,data_49,data_50
-0.9698706,-0.15256682,0.9909652,0.41612607,0.9985237,-0.73742485,0.7793777,0.046160385,-0.62973714,-0.7719072,-0.010997909,-0.8248377,0.14916153,0.4027828,0.10116318,0.6283627,-0.9155509,-0.7027214,0.5804659,0.2606788,-0.24781032,-0.640292,0.9677384,0.6282547,-0.39340997,0.5703491,-0.10654103,-0.031649414,-0.38206083,0.24482344,-0.9749333,0.91319925,0.24381976,-0.44230542,0.102550656,0.7999797,0.87440056,-0.7019524,-0.6871445,-0.12888317,-0.053989142,0.811547,0.56642747,0.32729477,0.41442245,0.73208714,-0.7127805,-0.92286915,-0.6526704,-0.6993738
