data_1,data_2,data_3,data_4,data_5,data_6,data_7,data_8,data_9,data_10,data_11,data_12,data_13,data_14,data_15,data_16,data_17,data_18,data_19,data_20,data_21,data_22,data_23,data_24,data_25,data_26,data_27,data_28,data_29,data_30,data_31,data_32,data_33,data_34,data_35,data_36,data_37,data_38,data_39,data_40,data_41,data_42,data_43,data_44,data_45,data_46,data_47,data_48,data_49,data_50
-0.8120403,-0.19099256,0.024273723,0.4208843,0.72502446,0.057350814,0.3562104,1.1383111,0.50049144,0.73764026,-0.25883928,-0.27250013,0.29618037,0.78747946,-0.5790001,0.73914415,0.51254725,-0.20890088,0.60229266,0.48008478,0.7116583,0.30325973,0.04495527,-0.6242286,0.76094115,-0.49848422,0.22305192,-0.07993677,-0.19875723,-0.036454678,0.7679818,1.0507066,-0.31392974,0.6613405,0.36293566,0.86726356,-0.7030877,0.90089214,0.5751081,-0.7709007,-0.6973324,-0.587246,-0.76849455,0.8215662,-0.7057551,0.49235594,0.6783467,-0.13011019,-1.1031734,-0.4795624
