data_1,data_2,data_3,data_4,data_5,data_6,data_7,data_8,data_9,data_10
-0.81244326,0.014121098,0.4993627,0.10896871,-0.7992023,-0.30591312,0.16881782,0.87226593,-0.1578204,0.0502686
