data_1,data_2,data_3,data_4,data_5,data_6,data_7,data_8,data_9,data_10,data_11,data_12,data_13,data_14,data_15,data_16,data_17,data_18,data_19,data_20,data_21,data_22,data_23,data_24,data_25,data_26,data_27,data_28,data_29,data_30,data_31,data_32,data_33,data_34,data_35,data_36,data_37,data_38,data_39,data_40,data_41,data_42,data_43,data_44,data_45,data_46,data_47,data_48,data_49,data_50
0.8887362,0.7168829,-0.95847625,0.72230583,-0.684516,0.36847118,0.58207273,0.6564892,0.15671173,0.41333503,-0.94502306,0.74047107,0.0034016243,0.36849657,-0.02473322,0.3732919,0.06723325,-0.6931732,-0.48014492,-0.89919037,0.5381461,-0.587924,0.6355014,0.9245896,0.6755197,-0.045491703,0.68825567,-0.08821072,-0.8146422,-0.31581086,0.39808035,0.34927753,0.83128357,0.64876753,0.5956064,-0.9059267,-0.23383154,0.94882756,0.42960024,0.2166258,0.33870113,-0.38113618,0.9882638,-0.49074274,0.36327544,-0.34862652,-0.049058262,0.5293921,0.6926727,-0.78469044
