data_1,data_2,data_3,data_4,data_5
0.6554922,-0.987526,0.3469693,-0.31295794,-0.7452099
