data_1,data_2,data_3,data_4,data_5,data_6,data_7,data_8,data_9,data_10
-0.8154823,0.50773895,-0.0023684879,-0.46321225,-0.16567002,0.8407793,0.5634273,-0.30066574,-0.45286974,0.8440483
