data_1,data_2,data_3
0.10247971,0.55786556,0.50863457
