data_1,data_2,data_3
0.10062802,0.50633985,0.5028822
