data_1,data_2,data_3
0.5980513,0.016181003,0.9450464
