parameter_1,parameter_2,parameter_3
0.10024011,0.7483757,0.49822843
