data_1,data_2,data_3,data_4,data_5,data_6,data_7,data_8,data_9,data_10,data_11,data_12,data_13,data_14,data_15,data_16,data_17,data_18,data_19,data_20,data_21,data_22,data_23,data_24,data_25,data_26,data_27,data_28,data_29,data_30,data_31,data_32,data_33,data_34,data_35,data_36,data_37,data_38,data_39,data_40,data_41,data_42,data_43,data_44,data_45,data_46,data_47,data_48,data_49,data_50,data_51,data_52,data_53,data_54,data_55,data_56,data_57,data_58,data_59,data_60,data_61,data_62,data_63,data_64,data_65,data_66,data_67,data_68,data_69,data_70,data_71,data_72,data_73,data_74,data_75,data_76,data_77,data_78,data_79,data_80,data_81,data_82,data_83,data_84,data_85,data_86,data_87,data_88,data_89,data_90,data_91,data_92,data_93,data_94,data_95,data_96,data_97,data_98,data_99,data_100
0.7369091,-0.9870261,0.3040853,-0.31383184,-0.7150916,0.908099,-0.09986303,0.14265814,-0.62297326,-0.43383536,-0.3303803,-0.39487982,-0.91717255,-0.5583694,-0.44342434,0.46085912,-0.05275609,-0.46461788,-0.05721771,0.32493687,0.802067,-0.995673,-0.003130502,-0.37784672,0.57528794,0.036383517,-0.83654124,-0.74195606,0.08611535,-0.7768515,0.71821404,0.054288745,-0.92735076,0.29144904,-0.3832071,0.20877947,-0.53151524,-0.069933295,0.647933,-0.48930013,-0.36664906,0.1468406,0.335832,0.21377808,-0.4038066,0.38034052,-0.21952963,-0.7577463,0.8584695,-0.017960232,-0.23212494,0.7267315,0.3739663,0.5962082,-0.09447175,-0.4409279,0.54899204,-0.4588521,-0.8437191,0.19402778,-0.7055043,0.1876679,-0.6361222,-0.44003904,-0.394042,-0.43741208,-0.01718316,0.74748594,-0.8942775,0.14467476,0.3342917,0.51195174,-0.13816367,0.1617556,0.95662457,0.89839643,-0.6200601,0.18718967,0.4321734,-0.3455266,0.11884333,-0.88923806,-0.24423492,0.784951,0.10276963,0.6187909,-0.9941625,-0.7670669,0.28512505,0.9052068,0.7131646,0.90527385,-0.093649305,-0.79966974,0.17584182,-0.92274266,0.6719678,-0.6084088,-0.55238736,-0.23075731
