data_1,data_2,data_3,data_4,data_5
-0.7912472,-0.022873897,0.50595737,0.18831289,-0.8377031
