data_1,data_2,data_3,data_4,data_5,data_6,data_7,data_8,data_9,data_10
-0.13296743,-0.8123311,0.8389373,-0.62914735,-0.98180485,0.31762868,0.39046028,0.07312405,-0.49801558,0.36102545
