data_1,data_2,data_3,data_4,data_5,data_6,data_7,data_8
-0.6192342,0.6057302,-0.40749884,0.055325925,-0.15339205,0.7398093,-0.2616195,-0.51295215
