data_1,data_2,data_3,data_4,data_5
-0.28871793,-0.878147,0.94031286,-0.62949467,-0.9095102
