data_1,data_2,data_3,data_4
-0.886409,0.65429586,0.24349399,-0.13123983
