data_1,data_2,data_3
0.93880945,-0.24291205,0.71642834
