data_1,data_2
1.0227554,-0.3690329
