data_1,data_2,data_3,data_4,data_5,data_6,data_7,data_8
0.1358902,0.9458772,0.9471855,-0.16181028,-1.229594,0.09435624,-0.42618755,-0.19661044
