data_1,data_2,data_3,data_4,data_5,data_6,data_7,data_8,data_9,data_10,data_11,data_12,data_13,data_14,data_15,data_16,data_17,data_18,data_19,data_20,data_21,data_22,data_23,data_24,data_25
-0.6758963,0.75098616,0.33136544,-0.22170386,-0.7176312,0.2532466,-0.82933176,0.43028194,-0.36682543,0.422003,0.65113366,0.026083902,-0.25244704,-1.0124885,-0.3428409,-0.59977293,0.51053464,0.94058657,0.112352915,-0.20111698,0.5651672,0.124403365,-0.7220641,0.0433916,-0.5371358
