parameter_1,parameter_2,parameter_3,parameter_4,parameter_5,parameter_6,parameter_7,parameter_8,parameter_9,parameter_10,parameter_11,parameter_12,parameter_13,parameter_14,parameter_15,parameter_16,parameter_17,parameter_18,parameter_19,parameter_20,parameter_21,parameter_22,parameter_23,parameter_24,parameter_25
-0.61911654,0.829502,0.10599208,-0.09929764,-0.8491708,0.80009747,-0.6855464,0.088377714,0.04646504,0.51540077,0.42097712,-0.06867397,-0.20720732,-0.36022806,-0.717958,-0.76455796,0.32912803,0.63889635,0.23077989,-0.8294935,0.59470916,0.14663672,-0.6621845,0.087616324,-0.40356195
