data_1,data_2,data_3,data_4,data_5,data_6,data_7,data_8,data_9,data_10,data_11,data_12,data_13,data_14,data_15,data_16,data_17,data_18,data_19,data_20,data_21,data_22,data_23,data_24,data_25,data_26,data_27,data_28,data_29,data_30,data_31,data_32,data_33,data_34,data_35,data_36,data_37,data_38,data_39,data_40,data_41,data_42,data_43,data_44,data_45,data_46,data_47,data_48,data_49,data_50
-0.6612663,-0.02785999,-0.4173923,0.5279165,0.6608895,0.74190986,0.44930747,0.9513892,0.48123804,0.713954,-0.39248258,-0.12731165,0.2732568,0.92396116,-0.9953671,0.36757135,0.12050006,-0.41945148,0.6993751,0.42888883,0.70950836,0.10194582,-0.12857148,-0.6864607,0.96756923,-0.789643,0.18268597,-0.37545455,-0.48434314,-0.26911834,0.6509857,0.384618,-0.16200127,0.34211814,0.29130268,0.9887341,-0.07294054,0.98057073,0.596078,-0.74953663,-0.42760712,-0.6464061,-0.19115508,0.26623076,-0.64316934,0.38217127,0.8135668,0.012847,-0.6216072,-0.37991902
