parameter_1,parameter_2,parameter_3,parameter_4,parameter_5,parameter_6,parameter_7,parameter_8,parameter_9,parameter_10,parameter_11,parameter_12,parameter_13,parameter_14,parameter_15,parameter_16,parameter_17,parameter_18,parameter_19,parameter_20,parameter_21,parameter_22,parameter_23,parameter_24,parameter_25,parameter_26,parameter_27,parameter_28,parameter_29,parameter_30,parameter_31,parameter_32,parameter_33,parameter_34,parameter_35,parameter_36,parameter_37,parameter_38,parameter_39,parameter_40,parameter_41,parameter_42,parameter_43,parameter_44,parameter_45,parameter_46,parameter_47,parameter_48,parameter_49,parameter_50
-0.6377127,0.0018655062,-0.47496068,0.5964273,0.740837,0.7891394,0.44359863,0.9471376,0.48177147,0.7264427,-0.45812058,-0.22850096,0.28054214,0.946277,-0.9179959,0.35704803,0.12478006,-0.36094868,0.6583904,0.3992294,0.7546104,0.09677136,-0.093081474,-0.6704508,0.9284291,-0.7763183,0.18447793,-0.41089928,-0.40952873,-0.2849425,0.6502626,0.37658167,-0.15647244,0.31182826,0.2241472,0.9404324,-0.0405519,0.9349433,0.5831163,-0.7442353,-0.4253924,-0.6940584,-0.18508565,0.27931166,-0.651132,0.39065135,0.74536514,0.0043246746,-0.6643487,-0.34378135
