data_1,data_2,data_3
0.49999997,0.49999997,0.49999997
