data_1,data_2,data_3,data_4,data_5,data_6,data_7,data_8,data_9,data_10,data_11,data_12,data_13,data_14,data_15,data_16,data_17,data_18,data_19,data_20,data_21,data_22,data_23,data_24,data_25,data_26,data_27,data_28,data_29,data_30,data_31,data_32,data_33,data_34,data_35,data_36,data_37,data_38,data_39,data_40,data_41,data_42,data_43,data_44,data_45,data_46,data_47,data_48,data_49,data_50
-0.5546802,-0.40586782,0.9783202,-0.5009144,-1.4044391,0.4419856,0.8984894,-0.24971211,-0.09486723,0.25731885,-0.034891427,0.2792858,0.2766485,-0.18051529,0.53674436,0.092081755,-0.4649803,-0.7827303,-0.93348384,0.9559531,-0.37941247,0.34970087,-0.106719226,-0.18744878,1.0512712,0.9125043,-0.7917732,-0.77992034,0.77332044,-0.1154546,0.9408436,-1.2422851,0.33541924,-0.3271611,-1.0477922,0.34203473,-0.1306869,-0.88978136,-0.38652575,0.14768374,-0.54942274,-0.5499114,0.60154545,0.46045652,-0.17837438,0.19500653,0.56847847,-0.66228825,0.22085136,0.6428038
