data_1,data_2,data_3,data_4,data_5,data_6,data_7,data_8,data_9,data_10,data_11,data_12,data_13,data_14,data_15,data_16,data_17,data_18,data_19,data_20,data_21,data_22,data_23,data_24,data_25,data_26,data_27,data_28,data_29,data_30,data_31,data_32,data_33,data_34,data_35,data_36,data_37,data_38,data_39,data_40,data_41,data_42,data_43,data_44,data_45,data_46,data_47,data_48,data_49,data_50,data_51,data_52,data_53,data_54,data_55,data_56,data_57,data_58,data_59,data_60,data_61,data_62,data_63,data_64,data_65,data_66,data_67,data_68,data_69,data_70,data_71,data_72,data_73,data_74,data_75,data_76,data_77,data_78,data_79,data_80,data_81,data_82,data_83,data_84,data_85,data_86,data_87,data_88,data_89,data_90,data_91,data_92,data_93,data_94,data_95,data_96,data_97,data_98,data_99,data_100
-0.6346518,0.0034982204,-0.48773158,0.59662193,0.74502355,0.7861033,0.44027367,0.95063376,0.46278533,0.7536258,-0.43389976,-0.23068307,0.2771561,0.94845337,-0.93285924,0.3634691,0.13509221,-0.37138727,0.6712353,0.38731885,0.74790573,0.110043176,-0.084584646,-0.67863405,0.946879,-0.7910371,0.1874147,-0.40204194,-0.41835475,-0.26244628,0.6434424,0.3579878,-0.15280652,0.306473,0.21901798,0.94042337,-0.048533678,0.93902624,0.58385116,-0.74834836,-0.4138454,-0.7194735,-0.18742366,0.2598963,-0.6488711,0.3581964,0.7438855,0.02117798,-0.66019666,-0.33970657,-0.7216891,-0.66574484,0.53405535,-0.6917209,-0.9992878,0.84941953,-0.0972462,0.18433219,-0.047676966,-0.012602219,-0.88895255,0.090260506,-0.24000172,0.06156298,-0.40147185,-0.6305188,0.19239494,-0.20867504,-0.9555821,-0.1296777,-0.59757954,-0.17971145,-0.7143818,0.79769015,0.8609278,-0.64032084,-0.19603156,-0.5983907,-0.4414575,-0.71644,-0.77841127,-0.5199407,-0.7225456,0.900714,-0.75904703,-0.81604844,-0.043379836,0.76126814,-0.9786288,0.32470077,0.08089987,-0.65837055,-0.1651663,0.058191594,0.16842501,0.102352515,-0.83493084,-0.58894944,0.12376959,0.5979669
