parameter_1,parameter_2,parameter_3,parameter_4,parameter_5,parameter_6,parameter_7,parameter_8,parameter_9,parameter_10,parameter_11,parameter_12,parameter_13,parameter_14,parameter_15,parameter_16,parameter_17,parameter_18,parameter_19,parameter_20,parameter_21,parameter_22,parameter_23,parameter_24,parameter_25,parameter_26,parameter_27,parameter_28,parameter_29,parameter_30,parameter_31,parameter_32,parameter_33,parameter_34,parameter_35,parameter_36,parameter_37,parameter_38,parameter_39,parameter_40,parameter_41,parameter_42,parameter_43,parameter_44,parameter_45,parameter_46,parameter_47,parameter_48,parameter_49,parameter_50,parameter_51,parameter_52,parameter_53,parameter_54,parameter_55,parameter_56,parameter_57,parameter_58,parameter_59,parameter_60,parameter_61,parameter_62,parameter_63,parameter_64,parameter_65,parameter_66,parameter_67,parameter_68,parameter_69,parameter_70,parameter_71,parameter_72,parameter_73,parameter_74,parameter_75,parameter_76,parameter_77,parameter_78,parameter_79,parameter_80,parameter_81,parameter_82,parameter_83,parameter_84,parameter_85,parameter_86,parameter_87,parameter_88,parameter_89,parameter_90,parameter_91,parameter_92,parameter_93,parameter_94,parameter_95,parameter_96,parameter_97,parameter_98,parameter_99,parameter_100
-0.6377127,0.0018655062,-0.47496068,0.5964273,0.740837,0.7891394,0.44359863,0.9471376,0.48177147,0.7264427,-0.45812058,-0.22850096,0.28054214,0.946277,-0.9179959,0.35704803,0.12478006,-0.36094868,0.6583904,0.3992294,0.7546104,0.09677136,-0.093081474,-0.6704508,0.9284291,-0.7763183,0.18447793,-0.41089928,-0.40952873,-0.2849425,0.6502626,0.37658167,-0.15647244,0.31182826,0.2241472,0.9404324,-0.0405519,0.9349433,0.5831163,-0.7442353,-0.4253924,-0.6940584,-0.18508565,0.27931166,-0.651132,0.39065135,0.74536514,0.0043246746,-0.6643487,-0.34378135,-0.7150538,-0.65955424,0.5283854,-0.6978977,-0.9950602,0.87882364,-0.08369112,0.19714141,-0.034050822,-0.01846075,-0.87910783,0.07817268,-0.2482357,0.06801844,-0.41969275,-0.6476673,0.18039346,-0.21118057,-0.9541838,-0.11938369,-0.5869273,-0.18676257,-0.69653404,0.7960249,0.87021697,-0.65938985,-0.19174016,-0.57627034,-0.4360094,-0.7206994,-0.77523386,-0.5217912,-0.73578286,0.890226,-0.76047397,-0.81545603,-0.028697133,0.76328886,-0.980397,0.3104061,0.11507273,-0.65169764,-0.17598319,0.052000403,0.17470384,0.100550294,-0.8189752,-0.59616196,0.107616186,0.6053169
