data_1,data_2,data_3,data_4,data_5,data_6,data_7,data_8,data_9,data_10,data_11,data_12,data_13,data_14,data_15,data_16,data_17,data_18,data_19,data_20,data_21,data_22,data_23,data_24,data_25,data_26,data_27,data_28,data_29,data_30,data_31,data_32,data_33,data_34,data_35,data_36,data_37,data_38,data_39,data_40,data_41,data_42,data_43,data_44,data_45,data_46,data_47,data_48,data_49,data_50,data_51,data_52,data_53,data_54,data_55,data_56,data_57,data_58,data_59,data_60,data_61,data_62,data_63,data_64,data_65,data_66,data_67,data_68,data_69,data_70,data_71,data_72,data_73,data_74,data_75,data_76,data_77,data_78,data_79,data_80,data_81,data_82,data_83,data_84,data_85,data_86,data_87,data_88,data_89,data_90,data_91,data_92,data_93,data_94,data_95,data_96,data_97,data_98,data_99,data_100
-0.6194519,0.8287567,0.109597735,-0.09938084,-0.8519027,0.80005795,-0.6840166,0.08813796,0.046230286,0.51621664,0.42185324,-0.06864096,-0.20871682,-0.36157954,-0.7186713,-0.76587856,0.32872248,0.64266443,0.23080437,-0.8264444,0.5939403,0.14776754,-0.66153497,0.089155495,-0.40263113,0.16235964,0.16144335,-0.47636116,-0.83087915,-0.50018907,0.73683476,0.57359755,-0.10338087,0.4571987,0.43841276,-0.86767757,-0.12633009,-0.6802084,0.17303962,0.4169803,-0.96378,0.14932872,-0.24870639,-0.6800387,0.81832373,-0.76786345,0.19445902,-0.43859926,-0.72414243,-0.42387623,-0.2121441,-0.43136245,0.7339771,-0.96775705,0.7610802,0.025070872,-0.7330096,-0.55066717,-0.4039247,0.85177433,-0.54981726,0.18415713,0.00843176,0.94836205,0.92069125,0.7963079,-0.29291397,0.4459855,-0.68424654,0.12980387,0.13282937,0.73505175,-0.90583926,-0.8529225,-0.8479296,0.39196634,-0.6579326,-0.97486305,0.07635214,-0.4271609,0.5452205,0.11133034,0.6563487,0.7277566,-0.31841788,0.77370286,0.11422828,-0.5230632,-0.007636929,-0.81383246,-0.25385475,-0.5110674,0.11622189,-0.49778578,-0.95821077,-0.54088736,-0.004727225,0.012017278,-0.20858793,-0.3289022
