data_1,data_2,data_3,data_4,data_5,data_6,data_7,data_8,data_9,data_10,data_11,data_12,data_13,data_14,data_15,data_16,data_17,data_18,data_19,data_20,data_21,data_22,data_23,data_24,data_25,data_26,data_27,data_28,data_29,data_30,data_31,data_32,data_33,data_34,data_35,data_36,data_37,data_38,data_39,data_40,data_41,data_42,data_43,data_44,data_45,data_46,data_47,data_48,data_49,data_50
-0.6204754,0.83866125,0.10939388,-0.09124096,-0.8639515,0.7931603,-0.67946196,0.089084946,0.041395176,0.5051001,0.42156106,-0.06555438,-0.20899716,-0.36625627,-0.72608167,-0.7635223,0.33642742,0.6452311,0.2309435,-0.8424773,0.58626974,0.13074727,-0.65790373,0.101202205,-0.40381864,0.15932098,0.17018299,-0.48174855,-0.82988614,-0.4897164,0.7262961,0.56867665,-0.10751985,0.46637955,0.43281284,-0.872631,-0.11646115,-0.67634106,0.16058086,0.4193595,-0.9500311,0.1499209,-0.24032806,-0.6845057,0.8248014,-0.7708581,0.20477967,-0.44730735,-0.7148748,-0.41291192
