data_1,data_2,data_3,data_4,data_5
-0.814981,0.6633625,-0.08372821,-0.4126556,0.08296624
