data_1,data_2,data_3,data_4,data_5,data_6,data_7,data_8,data_9,data_10,data_11,data_12,data_13,data_14,data_15,data_16,data_17,data_18,data_19,data_20,data_21,data_22,data_23,data_24,data_25,data_26,data_27,data_28,data_29,data_30,data_31,data_32,data_33,data_34,data_35,data_36,data_37,data_38,data_39,data_40,data_41,data_42,data_43,data_44,data_45,data_46,data_47,data_48,data_49,data_50
-0.818278,-0.0021459712,0.47884685,0.1277552,-0.82224417,-0.30641893,0.1839429,0.844102,-0.14647983,0.04037976,0.8596541,-0.26867712,-0.16815396,0.9140406,-0.28055447,0.83298475,0.16970387,-0.4175715,-0.26046264,0.6776635,0.21807513,-0.9656806,-0.74035525,0.98004574,-0.6297778,0.018373935,0.73949164,0.36492664,0.6585616,-0.119414605,0.2861163,0.28633127,0.64303374,0.37085286,0.22578964,0.93653035,-0.26062304,0.45937267,-0.400154,0.22652209,0.42956668,-0.7647276,-0.5190994,-0.025583284,0.8837717,0.13302937,-0.98989946,-0.38023317,0.32276398,-0.45422027
