data_1,data_2,data_3,data_4,data_5
-0.5958642,0.8357341,0.11980728,-0.08941491,-0.8785866
