data_1,data_2,data_3
-1.003894,-0.22131042,1.3217158
