parameter_1,parameter_2,parameter_3
-0.95270705,-0.14817107,0.9824493
