data_1,data_2,data_3,data_4,data_5,data_6,data_7,data_8,data_9,data_10,data_11,data_12,data_13,data_14,data_15,data_16,data_17,data_18,data_19,data_20,data_21,data_22,data_23,data_24,data_25,data_26,data_27,data_28,data_29,data_30,data_31,data_32,data_33,data_34,data_35,data_36,data_37,data_38,data_39,data_40,data_41,data_42,data_43,data_44,data_45,data_46,data_47,data_48,data_49,data_50,data_51,data_52,data_53,data_54,data_55,data_56,data_57,data_58,data_59,data_60,data_61,data_62,data_63,data_64,data_65,data_66,data_67,data_68,data_69,data_70,data_71,data_72,data_73,data_74,data_75,data_76,data_77,data_78,data_79,data_80,data_81,data_82,data_83,data_84,data_85,data_86,data_87,data_88,data_89,data_90,data_91,data_92,data_93,data_94,data_95,data_96,data_97,data_98,data_99,data_100
-0.9526384,-0.14924727,0.9829341,0.41472092,0.99000263,-0.73894805,0.78674114,0.043928564,-0.6270223,-0.7649715,-0.010616179,-0.82009023,0.14680782,0.40365094,0.08813955,0.62967414,-0.9212845,-0.7050103,0.5904387,0.27294046,-0.25762737,-0.6250869,0.98821336,0.6270902,-0.38061902,0.5834899,-0.10479091,-0.037935242,-0.368523,0.24784872,-0.96110934,0.9142322,0.23597223,-0.4376963,0.10440301,0.77984923,0.8797548,-0.7027384,-0.68363327,-0.12643144,-0.055424802,0.8088346,0.559605,0.31818566,0.42482045,0.72089505,-0.72058046,-0.90901893,-0.64511335,-0.7083094,0.92152476,-0.96396923,-0.716678,-0.029972097,-0.48180524,-0.25087252,-0.14878418,-0.25306123,-0.15667322,0.9137378,-0.38202262,-0.9303202,0.7651375,-0.3141484,0.78486204,0.043684356,-0.40350226,0.22004567,0.3898955,0.7599326,-0.47528595,-0.12759615,0.56540614,0.6670007,0.6158164,0.4954875,-0.27184212,0.31679413,0.047365423,0.5330759,-0.33802664,-0.6883523,0.24167036,0.22684675,0.7549533,0.41363963,-0.96705467,0.28498182,0.03943959,0.8434536,0.2640492,0.014829973,0.3350091,0.13180435,-0.546185,0.86454076,0.25680402,-0.24295548,0.29903457,-0.22557068
