data_1,data_2,data_3,data_4,data_5
0.73313314,-0.3143796,0.74691576,-0.9856422,0.5872883
