data_1,data_2,data_3,data_4,data_5,data_6,data_7,data_8,data_9,data_10,data_11,data_12,data_13,data_14,data_15,data_16,data_17,data_18,data_19,data_20,data_21,data_22,data_23,data_24,data_25
-0.72354937,-0.32095838,-0.21540624,0.3340369,1.0321128,0.9415948,0.77878094,0.87026626,0.35389286,0.5521151,-0.6509787,0.27073345,0.10499914,0.9304645,-1.6497846,0.26965982,0.31595367,-0.34222874,0.66958797,0.59851074,0.7106112,0.11240958,-0.25187904,-0.33145502,1.3105252
