parameter_1,parameter_2,parameter_3,parameter_4,parameter_5,parameter_6,parameter_7,parameter_8,parameter_9,parameter_10,parameter_11,parameter_12,parameter_13,parameter_14,parameter_15,parameter_16,parameter_17,parameter_18,parameter_19,parameter_20,parameter_21,parameter_22,parameter_23,parameter_24,parameter_25
-0.6377127,0.0018655062,-0.47496068,0.5964273,0.740837,0.7891394,0.44359863,0.9471376,0.48177147,0.7264427,-0.45812058,-0.22850096,0.28054214,0.946277,-0.9179959,0.35704803,0.12478006,-0.36094868,0.6583904,0.3992294,0.7546104,0.09677136,-0.093081474,-0.6704508,0.9284291
