data_1,data_2
0.019688487,0.48049155
