data_1,data_2,data_3,data_4,data_5,data_6,data_7,data_8,data_9,data_10,data_11,data_12,data_13,data_14,data_15,data_16,data_17,data_18,data_19,data_20,data_21,data_22,data_23,data_24,data_25,data_26,data_27,data_28,data_29,data_30,data_31,data_32,data_33,data_34,data_35,data_36,data_37,data_38,data_39,data_40,data_41,data_42,data_43,data_44,data_45,data_46,data_47,data_48,data_49,data_50,data_51,data_52,data_53,data_54,data_55,data_56,data_57,data_58,data_59,data_60,data_61,data_62,data_63,data_64,data_65,data_66,data_67,data_68,data_69,data_70,data_71,data_72,data_73,data_74,data_75,data_76,data_77,data_78,data_79,data_80,data_81,data_82,data_83,data_84,data_85,data_86,data_87,data_88,data_89,data_90,data_91,data_92,data_93,data_94,data_95,data_96,data_97,data_98,data_99,data_100
-0.30103666,-0.88864577,0.9687791,-0.62160623,-0.91716427,0.19536234,0.33478388,0.024571361,-0.54952806,0.33424023,-0.49837512,0.7184664,0.69941175,-0.24943885,-0.021654861,-0.21275222,-0.26290858,-0.8100085,-0.6176293,0.69458866,-0.5836892,0.45404273,0.17837203,-0.21853733,0.769448,0.9111809,-0.71840185,-0.49734557,0.25955224,-0.2580882,0.9907112,-0.77854484,0.5404547,-0.51937795,-0.49424765,0.49840188,0.014714101,-0.7975248,-0.9342576,0.07487986,-0.26365215,-0.6087595,0.25760314,0.80376714,0.08452115,0.03571323,0.52044195,0.2712595,-0.02435438,0.83340234,0.5617885,0.38536695,0.19907518,0.2567352,0.76099056,-0.3864572,0.9283742,0.1334738,-0.32900697,0.92216295,-0.50034076,0.5689493,0.21963915,-0.9205382,-0.7677166,-0.2784459,-0.14352079,-0.9779242,-0.094461024,0.1534554,0.6168954,-0.75535554,-0.25305623,0.23489724,-0.26923075,-0.87839746,0.07929132,0.7696723,-0.6172141,-0.25605857,0.03848616,0.53189737,0.57395035,0.3724071,-0.35533208,0.29758647,0.005573377,0.8601008,-0.56531847,0.7706778,-0.32697648,0.6385587,0.63459873,0.23267227,0.32036987,0.86622787,-0.79085696,0.13594992,-0.2491788,-0.0018397793
