data_1,data_2,data_3
1.1828595,0.50448895,-1.2893397
