parameter_1,parameter_2,parameter_3
0.89478576,0.71784866,-0.96226573
