data_1,data_2,data_3,data_4,data_5,data_6,data_7,data_8
0.5038797,1.2322468,0.44511133,1.2363651,0.5802811,1.2368164,0.45905447,1.2332699
