parameter_1,parameter_2,parameter_3,parameter_4,parameter_5
0.496314,1.2347406,0.31383258,-0.077021055,-1.4998767
