data_1,data_2,data_3,data_4,data_5,data_6,data_7,data_8
-0.32561177,-0.17917338,-0.93332803,0.66119057,0.90358937,0.19071993,0.5703404,0.58133215
