parameter_1,parameter_2,parameter_3,parameter_4,parameter_5,parameter_6,parameter_7,parameter_8
-0.11919082,-0.46535635,-0.80274117,0.47296685,0.44567764,0.16000625,0.25931683,-0.14714251
