data_1,data_2,data_3,data_4,data_5,data_6,data_7,data_8,data_9,data_10
-0.6235764,0.8266905,0.10734373,-0.09451046,-0.84696496,0.7977298,-0.68897915,0.09037229,0.038030233,0.5165897
