data_1,data_2,data_3,data_4,data_5,data_6,data_7,data_8,data_9,data_10,data_11,data_12,data_13,data_14,data_15,data_16,data_17,data_18,data_19,data_20,data_21,data_22,data_23,data_24,data_25,data_26,data_27,data_28,data_29,data_30,data_31,data_32,data_33,data_34,data_35,data_36,data_37,data_38,data_39,data_40,data_41,data_42,data_43,data_44,data_45,data_46,data_47,data_48,data_49,data_50,data_51,data_52,data_53,data_54,data_55,data_56,data_57,data_58,data_59,data_60,data_61,data_62,data_63,data_64,data_65,data_66,data_67,data_68,data_69,data_70,data_71,data_72,data_73,data_74,data_75
0.24495885,0.3865465,1.2463017,-0.952919,0.35463625,0.2580891,0.13076974,-0.11799489,-1.2304769,-1.1036999,0.9974606,0.5687175,-0.6926546,-0.0104295015,0.1769101,-0.84039915,0.6462971,0.98064685,0.48248127,1.4358687,-0.6815071,0.49281123,0.60609317,0.7698985,-0.6535239,-0.7991732,-0.3611585,0.21820003,-0.4013539,-0.7526514,0.57112247,-1.4240565,0.5874561,0.60583884,0.10804984,-1.3949343,0.65305454,1.7036128,0.40901393,-0.06355579,0.56622934,-1.0543603,0.75708723,0.6279317,-1.24394,-0.80849636,0.31297073,0.22856742,-0.27223906,-0.4657931,0.82249993,0.11487988,0.44150952,-0.161675,-0.6830814,0.5419188,0.2994312,0.3996206,-0.6896702,0.89459574,0.66613925,0.7598632,0.70005655,-0.8114904,0.042327046,1.1171044,-1.406323,-0.87889427,0.8486844,0.91369236,-0.51199365,-0.4473901,-0.5951907,-0.23706603,-0.54338783
