parameter_1,parameter_2,parameter_3,parameter_4,parameter_5,parameter_6,parameter_7,parameter_8,parameter_9,parameter_10,parameter_11,parameter_12,parameter_13,parameter_14,parameter_15,parameter_16,parameter_17,parameter_18,parameter_19,parameter_20,parameter_21,parameter_22,parameter_23,parameter_24,parameter_25,parameter_26,parameter_27,parameter_28,parameter_29,parameter_30,parameter_31,parameter_32,parameter_33,parameter_34,parameter_35,parameter_36,parameter_37,parameter_38,parameter_39,parameter_40,parameter_41,parameter_42,parameter_43,parameter_44,parameter_45,parameter_46,parameter_47,parameter_48,parameter_49,parameter_50,parameter_51,parameter_52,parameter_53,parameter_54,parameter_55,parameter_56,parameter_57,parameter_58,parameter_59,parameter_60,parameter_61,parameter_62,parameter_63,parameter_64,parameter_65,parameter_66,parameter_67,parameter_68,parameter_69,parameter_70,parameter_71,parameter_72,parameter_73,parameter_74,parameter_75
0.73016036,-0.3217839,0.7436297,-0.98562,0.5888654,0.55506134,-0.02393043,-0.34145534,-0.9468237,-0.99791837,0.91313374,0.3935609,-0.5495033,-0.3334254,-0.3332833,-0.69381535,0.43925703,0.74771094,0.23420012,0.9404241,-0.829445,0.5481683,0.9770688,0.5056602,-0.8125527,-0.4795307,-0.2955556,-0.1262201,-0.374606,-0.44692767,0.25187576,-0.48486936,0.8891115,0.54999423,0.26830947,-0.9991008,0.84809434,0.9490478,0.3065802,-0.054415464,0.30613232,-0.7332462,0.5544814,0.7443249,-0.9662132,-0.56721425,0.22442734,-0.005964756,-0.53756905,-0.725435,0.30289412,0.031755805,0.38365304,-0.47391653,-0.27755737,0.9211904,0.44716954,0.7512057,-0.9316778,0.47683632,0.40622377,0.067902565,0.6350335,-0.7701744,0.14677966,0.60675716,-0.9433373,-0.9508064,0.5190915,0.4277047,-0.6259626,-0.37515628,0.0316962,-0.977703,-0.37159455
