data_1,data_2,data_3,data_4
0.8732713,1.0054996,-1.1136171,0.55917794
