data_1,data_2,data_3,data_4,data_5,data_6,data_7,data_8,data_9,data_10,data_11,data_12,data_13,data_14,data_15,data_16,data_17,data_18,data_19,data_20,data_21,data_22,data_23,data_24,data_25,data_26,data_27,data_28,data_29,data_30,data_31,data_32,data_33,data_34,data_35,data_36,data_37,data_38,data_39,data_40,data_41,data_42,data_43,data_44,data_45,data_46,data_47,data_48,data_49,data_50
0.7332647,-0.99517244,0.31874436,-0.322617,-0.7299926,0.9063984,-0.09143348,0.13921526,-0.6217393,-0.42330775,-0.32147697,-0.3875516,-0.92485094,-0.56411237,-0.45605832,0.45963743,-0.054161202,-0.4454465,-0.056590475,0.3452737,0.79826194,-0.9885587,-0.010116516,-0.378064,0.57541347,0.037743483,-0.8283878,-0.74867755,0.08249495,-0.76918906,0.7236212,0.05777203,-0.9161375,0.30107543,-0.3909365,0.21243772,-0.53795946,-0.04961063,0.66231674,-0.4881036,-0.36419648,0.14649838,0.32206404,0.20973244,-0.40991333,0.3734397,-0.22083457,-0.75370944,0.87125754,-0.039814863
