data_1,data_2,data_3,data_4,data_5,data_6,data_7,data_8,data_9,data_10,data_11,data_12,data_13,data_14,data_15,data_16,data_17,data_18,data_19,data_20,data_21,data_22,data_23,data_24,data_25,data_26,data_27,data_28,data_29,data_30,data_31,data_32,data_33,data_34,data_35,data_36,data_37,data_38,data_39,data_40,data_41,data_42,data_43,data_44,data_45,data_46,data_47,data_48,data_49,data_50
-0.7728084,0.55308473,-0.036497287,-0.3513379,-0.09984256,0.8124261,0.5143172,-0.32182387,-0.46361327,0.86719936,0.8295515,-0.0057011843,0.6371924,0.75032294,1.0510597,-0.27216682,0.20223083,-0.27542168,-0.90937066,0.53858876,0.4131244,-0.86825794,-0.7626134,-0.71031606,-0.94821167,-0.14943038,0.26473126,-0.51813847,0.07230836,0.6449945,-0.87893164,0.5433081,0.11761048,0.7893757,-0.112183355,0.5843353,-0.57962835,-0.37679502,-0.40087935,0.9158671,-0.6782358,0.61226845,-0.34524798,-0.8478881,0.46984714,-0.119482465,0.1411053,-0.8171839,0.8098347,0.11614294
