data_1,data_2,data_3,data_4,data_5
0.45893547,0.78955716,-1.4619545,0.056099713,-1.043274
