data_1,data_2
-0.51751626,0.4715732
