data_1,data_2,data_3,data_4,data_5,data_6,data_7,data_8,data_9,data_10,data_11,data_12,data_13,data_14,data_15,data_16,data_17,data_18,data_19,data_20,data_21,data_22,data_23,data_24,data_25,data_26,data_27,data_28,data_29,data_30,data_31,data_32,data_33,data_34,data_35,data_36,data_37,data_38,data_39,data_40,data_41,data_42,data_43,data_44,data_45,data_46,data_47,data_48,data_49,data_50,data_51,data_52,data_53,data_54,data_55,data_56,data_57,data_58,data_59,data_60,data_61,data_62,data_63,data_64,data_65,data_66,data_67,data_68,data_69,data_70,data_71,data_72,data_73,data_74,data_75,data_76,data_77,data_78,data_79,data_80,data_81,data_82,data_83,data_84,data_85,data_86,data_87,data_88,data_89,data_90,data_91,data_92,data_93,data_94,data_95,data_96,data_97,data_98,data_99,data_100
-0.80421925,0.0041639283,0.49465978,0.12128872,-0.81941915,-0.30433187,0.15859585,0.86522675,-0.16187541,0.044116914,0.86213624,-0.27606615,-0.14531448,0.903399,-0.29927668,0.81898767,0.1698477,-0.44010514,-0.26308626,0.6801493,0.22582531,-0.94375885,-0.7511646,0.98542184,-0.6168094,0.01938215,0.7358143,0.3585275,0.6510141,-0.11936577,0.30071282,0.24593483,0.6343532,0.36377716,0.23562016,0.95398116,-0.23788004,0.46449172,-0.40105242,0.2529923,0.42128903,-0.7362256,-0.52763134,-0.010010663,0.8582728,0.13892287,-0.9742609,-0.3791194,0.34957045,-0.4607368,0.57652766,-0.21612886,0.6253928,-0.6286067,0.42174482,-0.49837032,0.8731857,0.7528275,-0.42496538,0.4753988,0.11143133,-0.8518888,0.4831378,-0.30959776,-0.8076041,-0.13378927,-0.34763408,0.63087285,-0.90172446,-0.8639385,-0.83363384,0.64163804,-0.5450516,0.9212813,0.5254004,0.97537065,-0.69296026,-0.2138614,-0.048108764,0.07710279,0.5722034,-0.49885523,-0.1452589,-0.12812562,-0.90742207,0.71756124,-0.29316017,0.75344086,-0.74630916,-0.7002596,0.6590099,-0.820484,-0.34975818,-0.1029916,-0.35073048,0.9772149,0.1410019,0.041624162,0.8828709,-0.21662787
