data_1,data_2,data_3,data_4,data_5,data_6,data_7,data_8,data_9,data_10
0.7221623,-0.99826515,0.3220551,-0.3118215,-0.72884226,0.9043614,-0.09252839,0.13914776,-0.631202,-0.42110655
