data_1,data_2,data_3,data_4,data_5
-0.94668645,-0.14666294,0.9971722,0.4073258,0.9817003
