parameter_1,parameter_2,parameter_3,parameter_4,parameter_5
-0.95270705,-0.14817107,0.9824493,0.41320384,0.99042416
