data_1,data_2,data_3,data_4,data_5,data_6,data_7,data_8
0.37258053,-0.2792858,0.6844599,-0.2993322,-0.4135788,0.03580177,1.5153973,-0.60771716
