parameter_1,parameter_2,parameter_3,parameter_4,parameter_5
0.39017576,-0.26126498,0.6942451,0.4201946,-0.89997894
