data_1,data_2,data_3,data_4,data_5
-0.8972438,-0.1472349,1.0407652,0.4029476,0.9581707
