data_1,data_2,data_3,data_4,data_5,data_6,data_7,data_8,data_9,data_10,data_11,data_12,data_13,data_14,data_15,data_16,data_17,data_18,data_19,data_20,data_21,data_22,data_23,data_24,data_25,data_26,data_27,data_28,data_29,data_30,data_31,data_32,data_33,data_34,data_35,data_36,data_37,data_38,data_39,data_40,data_41,data_42,data_43,data_44,data_45,data_46,data_47,data_48,data_49,data_50
0.79076946,-0.27578264,0.6767026,-0.9106896,0.7006463,0.60158306,-0.05718951,-0.3261206,-0.94058657,-0.9973262,0.81515986,0.24834614,-0.5505842,-0.2884342,-0.2125135,-0.7117018,0.46896064,0.84336615,0.19222328,0.8996903,-0.7616777,0.54924434,1.0246125,0.5318309,-0.876858,-0.4451325,-0.30152878,-0.17844766,-0.24306974,-0.44268644,0.2471299,-0.4538532,0.89682466,0.5234166,0.15282613,-1.0851477,0.8465907,0.8415466,0.30768672,-0.03612316,0.29215464,-0.8134137,0.5376858,0.83847964,-0.98577446,-0.53184813,0.103059225,-0.022269411,-0.6140497,-0.6647389
