parameter_1,parameter_2,parameter_3,parameter_4,parameter_5,parameter_6,parameter_7,parameter_8,parameter_9,parameter_10,parameter_11,parameter_12,parameter_13,parameter_14,parameter_15,parameter_16,parameter_17,parameter_18,parameter_19,parameter_20,parameter_21,parameter_22,parameter_23,parameter_24,parameter_25,parameter_26,parameter_27,parameter_28,parameter_29,parameter_30,parameter_31,parameter_32,parameter_33,parameter_34,parameter_35,parameter_36,parameter_37,parameter_38,parameter_39,parameter_40,parameter_41,parameter_42,parameter_43,parameter_44,parameter_45,parameter_46,parameter_47,parameter_48,parameter_49,parameter_50
0.73016036,-0.3217839,0.7436297,-0.98562,0.5888654,0.55506134,-0.02393043,-0.34145534,-0.9468237,-0.99791837,0.91313374,0.3935609,-0.5495033,-0.3334254,-0.3332833,-0.69381535,0.43925703,0.74771094,0.23420012,0.9404241,-0.829445,0.5481683,0.9770688,0.5056602,-0.8125527,-0.4795307,-0.2955556,-0.1262201,-0.374606,-0.44692767,0.25187576,-0.48486936,0.8891115,0.54999423,0.26830947,-0.9991008,0.84809434,0.9490478,0.3065802,-0.054415464,0.30613232,-0.7332462,0.5544814,0.7443249,-0.9662132,-0.56721425,0.22442734,-0.005964756,-0.53756905,-0.725435
