data_1,data_2,data_3
0.045123253,0.58160776,0.6065781
