data_1,data_2,data_3
0.5905938,0.0168496,0.9522007
