data_1,data_2,data_3
-0.21124199,0.5878656,0.4331408
