parameter_1,parameter_2,parameter_3
0.09882915,0.50582033,0.74689186
