data_1,data_2
-0.22227961,-0.49302125
