parameter_1,parameter_2
-0.95270705,-0.14817107
