data_1,data_2,data_3,data_4,data_5,data_6,data_7,data_8,data_9,data_10
0.6672603,-0.006708445,-0.5847166,0.6269038,-0.65516704,0.52514327,-0.003081577,-0.6382589,0.7599839,0.7613189
