data_1,data_2,data_3,data_4,data_5
-0.7623193,-0.10047969,1.4480276,0.22732432,0.7145512
