data_1,data_2,data_3,data_4,data_5,data_6,data_7,data_8,data_9,data_10
0.6267103,-0.46904734,0.6597059,-1.1314042,0.728503,0.49650148,0.115642026,-0.43216696,-0.89807373,-1.1053871
