data_1,data_2,data_3,data_4,data_5,data_6,data_7,data_8,data_9,data_10,data_11,data_12,data_13,data_14,data_15,data_16,data_17,data_18,data_19,data_20,data_21,data_22,data_23,data_24,data_25,data_26,data_27,data_28,data_29,data_30,data_31,data_32,data_33,data_34,data_35,data_36,data_37,data_38,data_39,data_40,data_41,data_42,data_43,data_44,data_45,data_46,data_47,data_48,data_49,data_50,data_51,data_52,data_53,data_54,data_55,data_56,data_57,data_58,data_59,data_60,data_61,data_62,data_63,data_64,data_65,data_66,data_67,data_68,data_69,data_70,data_71,data_72,data_73,data_74,data_75,data_76,data_77,data_78,data_79,data_80,data_81,data_82,data_83,data_84,data_85,data_86,data_87,data_88,data_89,data_90,data_91,data_92,data_93,data_94,data_95,data_96,data_97,data_98,data_99,data_100
-0.64733535,0.7274491,0.68267584,0.1927135,-1.1629162,0.8004865,-0.5157648,0.02049847,0.0805204,0.25376368,0.36766118,-0.40274534,-0.29752743,-0.44948658,-0.49662066,-1.1229525,0.31849077,1.0766857,0.35863113,-0.7731841,0.4961094,0.2733024,0.0018696785,0.6457038,-0.033806145,0.20739049,0.10695635,-0.5635432,-0.47585773,-0.7681719,1.5127311,0.3304804,0.30352697,0.44509304,0.5456335,-1.4790335,0.041490406,-0.23587534,0.5950886,0.41862634,-1.0461693,0.087313466,-0.9121337,-1.0543294,0.31581444,-0.6360424,0.021418393,-0.18882722,-0.7798646,-0.711411,0.18224344,-0.472859,0.9488333,-0.48836654,0.2914094,-0.2489754,-0.82728064,-0.84298563,-0.07501349,1.0718275,-0.6291722,-0.100435436,0.05878244,1.0465931,1.6319529,0.31413633,-0.25853723,0.3440894,-0.50483155,0.055248618,0.762681,-0.16242927,-0.8668429,-0.66575736,-1.0019104,0.08096418,-0.7335746,-1.3689318,-0.17813253,-0.5792446,0.6027261,0.25599495,0.64190745,0.8367975,-0.07600422,0.597298,0.8933628,-0.41577527,0.27541092,-1.3866024,0.037602246,-0.5313034,0.396271,-0.58688784,-1.0349951,-0.55898726,0.08731078,0.06537268,-0.20272464,-0.13689916
