data_1,data_2,data_3,data_4,data_5,data_6,data_7,data_8
-0.29123646,0.43607014,-0.2898576,-0.18130484,-0.2894719,0.023587212,-0.2884057,-0.30670315
