parameter_1,parameter_2,parameter_3,parameter_4,parameter_5
-0.29027444,-0.15755105,-0.03927991,0.5251762,-0.27632847
