data_1,data_2,data_3,data_4,data_5
-0.22262181,0.24852732,0.7270998,-0.5726458,0.17422025
