parameter_1,parameter_2,parameter_3,parameter_4,parameter_5
-0.13793041,0.045632858,0.53129846,-0.12456216,0.17174427
