data_1,data_2,data_3,data_4,data_5,data_6,data_7,data_8,data_9,data_10
0.5748927,-0.18547288,-0.637445,0.69159335,-0.7360059,0.544054,-0.0014960065,-0.6251787,0.72640806,0.7143923
