data_1,data_2,data_3,data_4,data_5,data_6,data_7,data_8,data_9,data_10,data_11,data_12,data_13,data_14,data_15,data_16,data_17,data_18,data_19,data_20,data_21,data_22,data_23,data_24,data_25,data_26,data_27,data_28,data_29,data_30,data_31,data_32,data_33,data_34,data_35,data_36,data_37,data_38,data_39,data_40,data_41,data_42,data_43,data_44,data_45,data_46,data_47,data_48,data_49,data_50
-0.64194167,-0.00018018205,-0.47014934,0.59606785,0.7430547,0.7869339,0.44085193,0.9491225,0.48022333,0.7243908,-0.4582202,-0.22994693,0.28098527,0.94450676,-0.9114444,0.35899568,0.12758131,-0.3593356,0.65462035,0.39593163,0.7577546,0.09202635,-0.09907787,-0.6702723,0.92416507,-0.7787621,0.18397354,-0.40652218,-0.41315672,-0.28444344,0.6452319,0.378606,-0.15358208,0.3128678,0.2240133,0.9476408,-0.04489009,0.9346229,0.58170444,-0.7452272,-0.4255821,-0.6928093,-0.18555573,0.28476807,-0.65374434,0.3935851,0.7486618,-0.0003038547,-0.6693063,-0.3426386
