data_1,data_2,data_3,data_4
-0.1252178,0.48612112,-0.13318026,0.77972233
