data_1,data_2,data_3,data_4,data_5,data_6,data_7,data_8,data_9,data_10
-0.9290131,-0.14381985,0.98357666,0.40307534,0.98680705,-0.72999895,0.79600245,0.044838645,-0.61087626,-0.78319925
