data_1,data_2,data_3,data_4,data_5,data_6,data_7,data_8,data_9,data_10
-0.62971604,0.015888875,-0.49246758,0.62923414,0.7367608,0.78459924,0.40883166,0.91118205,0.47949705,0.69655454
