data_1,data_2,data_3,data_4,data_5,data_6,data_7,data_8,data_9,data_10
-0.7423891,-0.13343234,0.8077551,0.43002188,0.88175505,-0.4247132,0.91293633,0.14899325,-0.6431149,-0.9639637
