data_1,data_2,data_3,data_4,data_5
-0.5904713,0.91840327,0.25485355,-0.038617313,-1.0713912
