data_1,data_2,data_3,data_4,data_5,data_6,data_7,data_8,data_9,data_10,data_11,data_12,data_13,data_14,data_15,data_16,data_17,data_18,data_19,data_20,data_21,data_22,data_23,data_24,data_25,data_26,data_27,data_28,data_29,data_30,data_31,data_32,data_33,data_34,data_35,data_36,data_37,data_38,data_39,data_40,data_41,data_42,data_43,data_44,data_45,data_46,data_47,data_48,data_49,data_50
-0.6317356,0.83298165,0.11697768,-0.11310438,-0.9028676,0.81133544,-0.6746074,0.09488679,0.059447255,0.5052523,0.4726462,-0.023583375,-0.211789,-0.36974198,-0.7626744,-0.77364826,0.33056664,0.5998689,0.25628096,-0.7982335,0.5547069,0.13814835,-0.68350184,0.07279747,-0.37247303,0.12671593,0.16589357,-0.46245876,-0.88314825,-0.46929607,0.7270486,0.5593781,-0.12404798,0.46591693,0.47336182,-0.8419822,-0.101884976,-0.6446742,0.16353157,0.41441557,-0.9508523,0.17145605,-0.23203725,-0.7119689,0.82504696,-0.79029655,0.23304862,-0.43491977,-0.67807543,-0.45415738
