data_1,data_2,data_3,data_4,data_5,data_6,data_7,data_8
2.2109606,-0.029457986,0.54234034,-0.9118262,-0.016208649,-2.0488591,0.19525313,-1.1228464
