parameter_1,parameter_2,parameter_3,parameter_4,parameter_5
1.3736984,-0.7480015,-0.76941746,0.9860044,0.1949204
