data_1,data_2,data_3,data_4,data_5
0.78290576,0.7543913,-0.93254536,0.6826138,-0.72471434
