data_1,data_2,data_3,data_4,data_5,data_6,data_7,data_8,data_9,data_10,data_11,data_12,data_13,data_14,data_15,data_16,data_17,data_18,data_19,data_20,data_21,data_22,data_23,data_24,data_25,data_26,data_27,data_28,data_29,data_30,data_31,data_32,data_33,data_34,data_35,data_36,data_37,data_38,data_39,data_40,data_41,data_42,data_43,data_44,data_45,data_46,data_47,data_48,data_49,data_50,data_51,data_52,data_53,data_54,data_55,data_56,data_57,data_58,data_59,data_60,data_61,data_62,data_63,data_64,data_65,data_66,data_67,data_68,data_69,data_70,data_71,data_72,data_73,data_74,data_75,data_76,data_77,data_78,data_79,data_80,data_81,data_82,data_83,data_84,data_85,data_86,data_87,data_88,data_89,data_90,data_91,data_92,data_93,data_94,data_95,data_96,data_97,data_98,data_99,data_100
-0.55588293,0.7234966,0.16955046,-0.44839093,-0.24716999,0.5531986,0.79099745,-0.44435745,-0.89880514,0.8290226,0.8391304,-0.074551135,-0.00013905764,0.80465597,0.8821046,-0.381889,0.017464966,-0.41966537,-0.81967056,0.55720353,0.31525797,-0.5189841,-0.99906856,-1.736754,-0.6680205,0.45027375,0.6374058,-0.6273309,-0.13711448,0.81998163,-1.120608,0.6961087,-0.100647494,1.0745842,-0.22844653,0.32328662,-0.49626857,-0.09214839,-1.3391875,0.7069845,-1.2278322,0.442894,-0.21199855,-1.066594,0.68095994,-0.27577204,0.045510247,-0.5930347,1.0449554,0.09384217,-0.22662565,0.5022936,-0.57080495,0.97705406,-0.0032685772,0.09774113,0.25596878,1.1950707,0.83071184,0.5907384,0.8026849,-0.9404542,0.19573107,-0.3257743,-0.07398333,0.073049486,-0.63434184,-0.1058231,-0.81811714,0.29025477,1.3680514,-0.5689109,-0.46687526,0.8694663,-0.45769003,-0.9347337,-0.10181403,-0.40190765,0.81790173,0.7731609,0.5203305,-0.2730438,-0.50682855,-0.5376308,-0.47520477,0.969157,0.35849738,-0.67121637,0.840244,0.41123244,0.58799994,0.011154965,0.8508311,-0.27397162,-0.5213987,0.08086425,-0.16660593,-0.16755089,-0.7002559,1.0595965
