data_1,data_2,data_3,data_4,data_5,data_6,data_7,data_8,data_9,data_10
0.66322863,-0.0074288845,-0.5816348,0.63358605,-0.66893953,0.49036497,-0.031140305,-0.6637149,0.7455698,0.78605956
