data_1,data_2,data_3,data_4,data_5,data_6,data_7,data_8,data_9,data_10,data_11,data_12,data_13,data_14,data_15,data_16,data_17,data_18,data_19,data_20,data_21,data_22,data_23,data_24,data_25,data_26,data_27,data_28,data_29,data_30,data_31,data_32,data_33,data_34,data_35,data_36,data_37,data_38,data_39,data_40,data_41,data_42,data_43,data_44,data_45,data_46,data_47,data_48,data_49,data_50,data_51,data_52,data_53,data_54,data_55,data_56,data_57,data_58,data_59,data_60,data_61,data_62,data_63,data_64,data_65,data_66,data_67,data_68,data_69,data_70,data_71,data_72,data_73,data_74,data_75,data_76,data_77,data_78,data_79,data_80,data_81,data_82,data_83,data_84,data_85,data_86,data_87,data_88,data_89,data_90,data_91,data_92,data_93,data_94,data_95,data_96,data_97,data_98,data_99,data_100
-0.9525796,-0.15172394,0.98404664,0.41844395,0.9886732,-0.7353584,0.787624,0.043446004,-0.62598747,-0.7684058,-0.02027388,-0.81717104,0.14396614,0.40059167,0.09377462,0.6316337,-0.9291154,-0.7028523,0.5845638,0.27557182,-0.258116,-0.63013864,0.98660225,0.63192755,-0.38294652,0.58700544,-0.103144005,-0.040385365,-0.36744183,0.24033812,-0.96060956,0.91875744,0.2385716,-0.43510798,0.10530676,0.78298855,0.8845519,-0.70434874,-0.6864911,-0.12134044,-0.053819876,0.81424946,0.55964965,0.32472587,0.4254715,0.7255692,-0.71937054,-0.91251236,-0.6476286,-0.70894784,0.92536116,-0.9649828,-0.71731466,-0.030186798,-0.48060066,-0.24358079,-0.14899884,-0.2510124,-0.15576102,0.9123042,-0.38143337,-0.93276,0.76728916,-0.31310004,0.7811299,0.039854452,-0.4035807,0.2179938,0.39149496,0.7660627,-0.4762248,-0.12658691,0.56730974,0.66668767,0.6185002,0.49305713,-0.27636686,0.3198266,0.04890485,0.5333881,-0.33632955,-0.6896922,0.24119453,0.22478685,0.7549014,0.41225678,-0.96369976,0.28692076,0.040859267,0.8345651,0.2698165,0.015585464,0.33423585,0.12889981,-0.54846305,0.86428076,0.2606633,-0.24117379,0.29622453,-0.22249036
