data_1,data_2,data_3
-0.79543084,0.7447151,0.0038151164
