parameter_1,parameter_2,parameter_3
-0.7995198,0.49675143,-0.0035431385
