data_1,data_2,data_3,data_4,data_5
0.71665436,-1.001984,0.3314767,-0.29429442,-0.7339249
