data_1,data_2,data_3,data_4,data_5,data_6,data_7,data_8,data_9,data_10
-0.27141896,-0.86735237,0.9561191,-0.6303427,-0.9157963,0.1896246,0.34184816,0.027652292,-0.5506676,0.36203137
