data_1,data_2,data_3,data_4,data_5,data_6,data_7,data_8,data_9,data_10,data_11,data_12,data_13,data_14,data_15,data_16,data_17,data_18,data_19,data_20,data_21,data_22,data_23,data_24,data_25,data_26,data_27,data_28,data_29,data_30,data_31,data_32,data_33,data_34,data_35,data_36,data_37,data_38,data_39,data_40,data_41,data_42,data_43,data_44,data_45,data_46,data_47,data_48,data_49,data_50
-0.7966434,0.5173146,0.003786291,-0.40904105,-0.18685658,0.77639747,0.5447898,-0.32196018,-0.49583888,0.8299245,0.8528878,0.09396896,0.6208824,0.711921,0.92486894,-0.2507984,0.19372235,-0.31230617,-0.8711918,0.47852623,0.3773304,-0.9356628,-0.7795125,-0.633659,-0.9157278,-0.15884587,0.28910244,-0.5419164,0.012260792,0.6598598,-0.9057577,0.49478045,0.13885172,0.858783,-0.091759935,0.60567945,-0.580454,-0.311656,-0.40843055,0.93198895,-0.6226116,0.6618952,-0.2932689,-0.8940536,0.5009071,-0.12098539,0.28273645,-0.83399564,0.9099759,0.1421229
