data_1,data_2,data_3,data_4,data_5,data_6,data_7,data_8,data_9,data_10,data_11,data_12,data_13,data_14,data_15,data_16,data_17,data_18,data_19,data_20,data_21,data_22,data_23,data_24,data_25,data_26,data_27,data_28,data_29,data_30,data_31,data_32,data_33,data_34,data_35,data_36,data_37,data_38,data_39,data_40,data_41,data_42,data_43,data_44,data_45,data_46,data_47,data_48,data_49,data_50
-0.7125143,1.0596585,0.20074995,-0.14453736,-1.5014312,1.1752145,-0.5207614,0.2697843,0.34815526,0.3969738,1.0493536,-0.09821594,-0.22944067,-0.42010763,-0.7621827,-0.8981318,0.59095263,0.47201514,0.31948295,-0.4233788,0.19877368,0.0044952184,-0.6481324,-0.029836453,-0.266786,-0.31635964,0.32241642,-0.44080606,-0.93070257,0.12228572,0.6366707,0.53120625,-0.51884055,0.4769334,0.41144487,-0.9688607,0.45057523,-0.39269722,-0.14385352,0.41714743,-0.7943885,0.081969574,-0.21102476,-0.94005084,0.76794654,-1.1016817,0.10439576,-0.5288183,-0.5042819,-0.77800703
