data_1,data_2,data_3,data_4,data_5
-0.7988333,0.0007262053,0.49763337,0.14357536,-0.8251288
