parameter_1,parameter_2,parameter_3,parameter_4,parameter_5
-0.8023417,0.011640668,0.4937837,0.12288535,-0.8193135
