data_1,data_2,data_3,data_4,data_5
-0.9038357,-0.16044304,0.9821812,0.40942952,0.9865789
