data_1,data_2,data_3,data_4,data_5,data_6,data_7,data_8,data_9,data_10,data_11,data_12,data_13,data_14,data_15,data_16,data_17,data_18,data_19,data_20,data_21,data_22,data_23,data_24,data_25
-0.22867483,-0.8749023,0.9568678,-1.0621798,-0.66571164,1.1065199,0.19680059,-0.3526464,0.18712425,0.10245967,0.0089428425,0.736515,0.8137267,-0.7246758,0.21337724,0.36224896,-0.52274585,-0.34626448,-0.7042326,1.1050053,-1.0320427,0.051947802,0.24477375,0.3384943,1.0842257
