parameter_1,parameter_2,parameter_3,parameter_4,parameter_5,parameter_6,parameter_7,parameter_8,parameter_9,parameter_10,parameter_11,parameter_12,parameter_13,parameter_14,parameter_15,parameter_16,parameter_17,parameter_18,parameter_19,parameter_20,parameter_21,parameter_22,parameter_23,parameter_24,parameter_25
-0.28899693,-0.8759459,0.95357263,-0.6195792,-0.9145992,0.18952191,0.3366685,0.027963042,-0.57398486,0.36814296,-0.46113527,0.71176744,0.6950619,-0.23483586,-0.03908646,-0.19957197,-0.2450707,-0.8253821,-0.59340847,0.67876136,-0.5995611,0.47036123,0.19045317,-0.23733652,0.7925719
