data_1,data_2,data_3,data_4,data_5
0.6390182,-1.0888681,0.28324962,-0.21713898,-0.74628574
