data_1,data_2,data_3,data_4,data_5,data_6,data_7,data_8,data_9,data_10,data_11,data_12,data_13,data_14,data_15,data_16,data_17,data_18,data_19,data_20,data_21,data_22,data_23,data_24,data_25,data_26,data_27,data_28,data_29,data_30,data_31,data_32,data_33,data_34,data_35,data_36,data_37,data_38,data_39,data_40,data_41,data_42,data_43,data_44,data_45,data_46,data_47,data_48,data_49,data_50
1.1787469,-0.34947765,0.6027455,-1.227092,0.712101,1.1586087,-0.47808334,-0.12895136,-0.8490325,-1.3778087,0.4488384,0.34125367,-0.8223631,0.19808578,-0.5589277,-1.3034852,0.40949574,0.76693237,0.70690084,0.86894894,-0.70653576,0.44115466,0.6963235,0.50820667,-0.7428222,-0.547438,-0.5437473,-0.62133706,-0.21242477,-0.195007,-0.0055215955,-0.53215295,1.112572,0.44891262,-0.25625414,-1.167025,0.7202597,0.1690231,0.7935498,0.21220529,0.33871204,-1.0349016,0.87784183,1.5254041,-1.0294172,-0.24572873,0.08833353,0.15762214,0.02330029,-0.465338
