data_1,data_2,data_3,data_4,data_5,data_6,data_7,data_8,data_9,data_10,data_11,data_12,data_13,data_14,data_15,data_16,data_17,data_18,data_19,data_20,data_21,data_22,data_23,data_24,data_25,data_26,data_27,data_28,data_29,data_30,data_31,data_32,data_33,data_34,data_35,data_36,data_37,data_38,data_39,data_40,data_41,data_42,data_43,data_44,data_45,data_46,data_47,data_48,data_49,data_50
-0.6402491,-0.0037555457,-0.46887606,0.58959216,0.7434804,0.7820683,0.44202736,0.9500338,0.48318714,0.72775346,-0.4538359,-0.22993115,0.28110585,0.94514996,-0.9113927,0.36167875,0.12945338,-0.36043572,0.6577867,0.40433845,0.7546905,0.10329472,-0.09224738,-0.67388576,0.9266411,-0.7733898,0.18318534,-0.40443623,-0.4073632,-0.28177062,0.6536116,0.38746625,-0.16018316,0.31391558,0.22795525,0.9406589,-0.050353162,0.9332255,0.58440983,-0.7453569,-0.4327351,-0.6928655,-0.194689,0.28776988,-0.65334415,0.39159262,0.7405533,0.0046344805,-0.6731937,-0.3500089
