data_1,data_2,data_3,data_4,data_5,data_6,data_7,data_8,data_9,data_10,data_11,data_12,data_13,data_14,data_15,data_16,data_17,data_18,data_19,data_20,data_21,data_22,data_23,data_24,data_25,data_26,data_27,data_28,data_29,data_30,data_31,data_32,data_33,data_34,data_35,data_36,data_37,data_38,data_39,data_40,data_41,data_42,data_43,data_44,data_45,data_46,data_47,data_48,data_49,data_50,data_51,data_52,data_53,data_54,data_55,data_56,data_57,data_58,data_59,data_60,data_61,data_62,data_63,data_64,data_65,data_66,data_67,data_68,data_69,data_70,data_71,data_72,data_73,data_74,data_75,data_76,data_77,data_78,data_79,data_80,data_81,data_82,data_83,data_84,data_85,data_86,data_87,data_88,data_89,data_90,data_91,data_92,data_93,data_94,data_95,data_96,data_97,data_98,data_99,data_100
0.7185913,-0.3341551,0.75843203,-0.9944564,0.58572215,0.5627881,-0.022491628,-0.3489321,-0.9217526,-1.018357,0.88410294,0.4004871,-0.5477074,-0.33587608,-0.3155018,-0.70024925,0.42234468,0.76146793,0.21695095,0.9569749,-0.82657874,0.53491616,0.9673802,0.5251897,-0.8370162,-0.4670627,-0.2944303,-0.13716519,-0.36601514,-0.4756006,0.26327115,-0.4676279,0.88299257,0.55277187,0.27024606,-1.0000592,0.86316276,0.94058746,0.3144532,-0.04989244,0.29075983,-0.70882285,0.5601227,0.76978046,-0.97396237,-0.5225557,0.2237455,-0.024316618,-0.54327613,-0.73136246,0.31009576,0.042631965,0.38582546,-0.4812987,-0.268888,0.95596397,0.4506352,0.76925725,-0.9182316,0.47526142,0.42875043,0.05925499,0.6299855,-0.76845556,0.13039573,0.5894799,-0.95096093,-0.94994617,0.5095285,0.4482282,-0.61285293,-0.37645128,0.052400324,-0.9846098,-0.368776,0.5635418,0.8493844,0.4797033,-0.69642764,-0.3870729,0.23934296,0.5128085,-0.4250549,0.15770277,0.9401889,-0.9498835,-0.5366278,0.17770548,-0.26468962,-0.61042774,0.8612516,-0.4201549,0.06715948,-0.4485412,0.6865976,-0.7845402,-0.21181259,0.39488515,0.955826,-0.7787029
