data_1,data_2,data_3,data_4,data_5,data_6,data_7,data_8,data_9,data_10,data_11,data_12,data_13,data_14,data_15,data_16,data_17,data_18,data_19,data_20,data_21,data_22,data_23,data_24,data_25,data_26,data_27,data_28,data_29,data_30,data_31,data_32,data_33,data_34,data_35,data_36,data_37,data_38,data_39,data_40,data_41,data_42,data_43,data_44,data_45,data_46,data_47,data_48,data_49,data_50,data_51,data_52,data_53,data_54,data_55,data_56,data_57,data_58,data_59,data_60,data_61,data_62,data_63,data_64,data_65,data_66,data_67,data_68,data_69,data_70,data_71,data_72,data_73,data_74,data_75,data_76,data_77,data_78,data_79,data_80,data_81,data_82,data_83,data_84,data_85,data_86,data_87,data_88,data_89,data_90,data_91,data_92,data_93,data_94,data_95,data_96,data_97,data_98,data_99,data_100
-0.29548413,-0.8825106,0.96318996,-0.62425756,-0.91998607,0.1896232,0.33935264,0.028160479,-0.5740743,0.3731492,-0.45807508,0.7166578,0.6903518,-0.24210627,-0.044131592,-0.20098399,-0.24723597,-0.8162163,-0.59648883,0.689461,-0.6003417,0.47254625,0.1841918,-0.23892204,0.7923433,0.89184624,-0.71006286,-0.48260435,0.24762031,-0.22388373,0.9762774,-0.8027496,0.54549277,-0.52217394,-0.50663185,0.5072309,0.0027970425,-0.7804782,-0.9325632,0.06761524,-0.24841619,-0.64127654,0.24008305,0.7700413,0.08295301,-0.020586152,0.522445,0.2924118,-0.00901163,0.8312344,0.55946815,0.3746609,0.19500631,0.27345258,0.75025487,-0.43853137,0.91070896,0.11695419,-0.34236494,0.9343183,-0.5256298,0.58677095,0.21680677,-0.93680185,-0.73991406,-0.2571761,-0.12633176,-0.977427,-0.081093535,0.13686809,0.6023825,-0.7528888,-0.27986175,0.22752956,-0.27793428,-0.8547331,0.07867405,0.7349132,-0.6298539,-0.2317581,0.03388377,0.53480726,0.59604156,0.38190717,-0.35201094,0.29572994,-0.012596681,0.8546932,-0.5656351,0.79187715,-0.37962618,0.630549,0.64917207,0.24070585,0.31581706,0.8715213,-0.81721324,0.1367756,-0.22486691,-0.015175077
