parameter_1,parameter_2,parameter_3,parameter_4,parameter_5,parameter_6,parameter_7,parameter_8,parameter_9,parameter_10,parameter_11,parameter_12,parameter_13,parameter_14,parameter_15,parameter_16,parameter_17,parameter_18,parameter_19,parameter_20,parameter_21,parameter_22,parameter_23,parameter_24,parameter_25,parameter_26,parameter_27,parameter_28,parameter_29,parameter_30,parameter_31,parameter_32,parameter_33,parameter_34,parameter_35,parameter_36,parameter_37,parameter_38,parameter_39,parameter_40,parameter_41,parameter_42,parameter_43,parameter_44,parameter_45,parameter_46,parameter_47,parameter_48,parameter_49,parameter_50,parameter_51,parameter_52,parameter_53,parameter_54,parameter_55,parameter_56,parameter_57,parameter_58,parameter_59,parameter_60,parameter_61,parameter_62,parameter_63,parameter_64,parameter_65,parameter_66,parameter_67,parameter_68,parameter_69,parameter_70,parameter_71,parameter_72,parameter_73,parameter_74,parameter_75,parameter_76,parameter_77,parameter_78,parameter_79,parameter_80,parameter_81,parameter_82,parameter_83,parameter_84,parameter_85,parameter_86,parameter_87,parameter_88,parameter_89,parameter_90,parameter_91,parameter_92,parameter_93,parameter_94,parameter_95,parameter_96,parameter_97,parameter_98,parameter_99,parameter_100
-0.28899693,-0.8759459,0.95357263,-0.6195792,-0.9145992,0.18952191,0.3366685,0.027963042,-0.57398486,0.36814296,-0.46113527,0.71176744,0.6950619,-0.23483586,-0.03908646,-0.19957197,-0.2450707,-0.8253821,-0.59340847,0.67876136,-0.5995611,0.47036123,0.19045317,-0.23733652,0.7925719,0.89155173,-0.7133533,-0.47956383,0.24937248,-0.22665608,0.97444725,-0.80544233,0.5368662,-0.5251752,-0.50188863,0.5042721,0.007306576,-0.79304004,-0.939479,0.06744599,-0.25155044,-0.6406628,0.2442503,0.77211297,0.08726835,-0.018848896,0.5214069,0.29133213,-0.014798284,0.84364593,0.55405486,0.37695086,0.19614303,0.26835608,0.7489034,-0.4329052,0.92136765,0.111019135,-0.33883607,0.92630196,-0.5184603,0.5852405,0.22501898,-0.9325403,-0.7460803,-0.2578138,-0.12380433,-0.97754514,-0.08778405,0.132465,0.60219264,-0.7480899,-0.27882802,0.2392534,-0.2757417,-0.85465324,0.07213986,0.7372397,-0.62661564,-0.23702168,0.035841584,0.5361943,0.59641945,0.38657892,-0.34677708,0.29869318,-0.0129624605,0.8524196,-0.5612849,0.79070103,-0.38412237,0.6335248,0.65071356,0.24192548,0.3070091,0.8653933,-0.8090167,0.13999891,-0.2256453,-0.020978332
