data_1,data_2,data_3,data_4,data_5,data_6,data_7,data_8,data_9,data_10
-0.9344143,-0.1717326,0.9849027,0.43612084,0.94247353,-0.7832859,0.7538152,0.0022794195,-0.65925205,-0.7321413
