data_1,data_2,data_3,data_4,data_5
-0.55844367,2.4341512e-05,-0.5047557,0.6012819,0.7600602
