data_1,data_2,data_3,data_4,data_5,data_6,data_7,data_8,data_9,data_10,data_11,data_12,data_13,data_14,data_15,data_16,data_17,data_18,data_19,data_20,data_21,data_22,data_23,data_24,data_25,data_26,data_27,data_28,data_29,data_30,data_31,data_32,data_33,data_34,data_35,data_36,data_37,data_38,data_39,data_40,data_41,data_42,data_43,data_44,data_45,data_46,data_47,data_48,data_49,data_50
-1.6602336,-0.08897282,0.9180237,0.76849973,1.1715845,-0.9099184,1.0460429,-0.2590369,-0.2493648,-0.78172636,0.15408261,-0.7422432,-0.016135827,0.66028166,-0.121898636,0.58582497,-0.82462996,-0.7119662,0.2701544,-0.07955629,-0.5004022,-0.5914156,0.71956426,0.9604198,-0.6304335,0.14929882,0.2592382,-0.5842104,-0.4050096,-0.08872041,-0.47697583,1.4123464,-0.06298107,-0.8744873,0.11064151,0.5151738,0.81704175,-0.16715258,-0.7561746,0.28014112,0.060564414,0.8509903,0.30837664,0.2865453,-0.26221144,1.0408534,-1.2629359,-1.2626498,-0.26834738,-0.13101262
