data_1,data_2,data_3,data_4,data_5,data_6,data_7,data_8,data_9,data_10
-0.9830469,0.4666211,0.15415046,-0.47981817,-0.16580084,0.6129732,0.48137385,-0.42459476,-0.47482646,0.9966366
