data_1,data_2,data_3,data_4,data_5,data_6,data_7,data_8,data_9,data_10
-0.65870434,0.8071648,0.16058221,-0.07795684,-0.80905396,0.7225796,-0.72742313,0.08484367,0.012587771,0.5196369
