data_1,data_2,data_3,data_4,data_5,data_6,data_7,data_8,data_9,data_10
-0.5972172,0.020573787,-0.52789176,0.6278118,0.72470504,0.83727884,0.42581987,0.9300608,0.48218825,0.6665783
