data_1,data_2,data_3,data_4,data_5,data_6,data_7,data_8,data_9,data_10
-0.8205659,0.008384716,0.49343127,0.12762454,-0.81445533,-0.30460155,0.15621665,0.86969477,-0.17812377,0.06300081
