data_1,data_2,data_3,data_4,data_5,data_6,data_7,data_8,data_9,data_10,data_11,data_12,data_13,data_14,data_15,data_16,data_17,data_18,data_19,data_20,data_21,data_22,data_23,data_24,data_25,data_26,data_27,data_28,data_29,data_30,data_31,data_32,data_33,data_34,data_35,data_36,data_37,data_38,data_39,data_40,data_41,data_42,data_43,data_44,data_45,data_46,data_47,data_48,data_49,data_50,data_51,data_52,data_53,data_54,data_55,data_56,data_57,data_58,data_59,data_60,data_61,data_62,data_63,data_64,data_65,data_66,data_67,data_68,data_69,data_70,data_71,data_72,data_73,data_74,data_75,data_76,data_77,data_78,data_79,data_80,data_81,data_82,data_83,data_84,data_85,data_86,data_87,data_88,data_89,data_90,data_91,data_92,data_93,data_94,data_95,data_96,data_97,data_98,data_99,data_100
-0.6197389,0.8275389,0.116144896,-0.09677732,-0.8556913,0.802425,-0.6833424,0.085675724,0.056292463,0.49881637,0.40457898,-0.069951616,-0.20636836,-0.3633816,-0.70901763,-0.77319163,0.3218221,0.6504669,0.22335051,-0.8219163,0.59962934,0.14126025,-0.6597173,0.10252507,-0.41127428,0.17089683,0.1587958,-0.4835193,-0.82387173,-0.51815856,0.74898124,0.5823995,-0.10294915,0.45866516,0.44221836,-0.87383497,-0.118773066,-0.6830652,0.17630374,0.42120662,-0.9718352,0.16343515,-0.24739712,-0.6668508,0.81453043,-0.7421058,0.19247302,-0.44697016,-0.7307593,-0.4256123,-0.20898196,-0.4265039,0.73396957,-0.9706582,0.7625616,0.044777036,-0.72803724,-0.5441661,-0.39424756,0.84831864,-0.53890634,0.17601189,0.008986451,0.9549116,0.91388506,0.78258735,-0.29845172,0.44455433,-0.6883114,0.13764128,0.1443146,0.7291175,-0.89374614,-0.84980524,-0.8452445,0.37843078,-0.6579965,-0.96205956,0.08002433,-0.43806145,0.5475323,0.111171775,0.6456534,0.7247247,-0.3187903,0.7728017,0.12934588,-0.5215368,-0.005446444,-0.8278171,-0.22929783,-0.5071322,0.11020644,-0.50187725,-0.9558277,-0.5425969,0.007899321,0.010492062,-0.22095521,-0.3214278
