data_1,data_2,data_3,data_4,data_5,data_6,data_7,data_8,data_9,data_10
0.9153168,0.4095294,0.33678788,0.72754043,-0.07426211,1.1427648,0.8429837,0.397778,0.15562356,0.3227716
