data_1,data_2,data_3,data_4,data_5,data_6,data_7,data_8
0.78521276,-1.1521367,-0.7069845,-0.089427054,0.10599101,-0.13629204,0.11163631,-0.4444665
