data_1,data_2,data_3,data_4,data_5,data_6,data_7,data_8,data_9,data_10,data_11,data_12,data_13,data_14,data_15,data_16,data_17,data_18,data_19,data_20,data_21,data_22,data_23,data_24,data_25,data_26,data_27,data_28,data_29,data_30,data_31,data_32,data_33,data_34,data_35,data_36,data_37,data_38,data_39,data_40,data_41,data_42,data_43,data_44,data_45,data_46,data_47,data_48,data_49,data_50
-0.60182035,1.1042342,0.19678512,0.04622224,-0.5359491,0.41237265,0.23044488,-0.63255453,-0.47519875,0.6807753,0.8566187,0.39304876,0.7209385,0.830529,1.2488524,-0.77337706,0.24081735,-0.10931285,-0.8304747,0.56029373,-0.2880376,-0.997135,-0.9326351,-1.3967931,-0.8382887,-0.080269836,0.49946737,-0.15556744,-0.21680236,0.520093,-1.1261306,0.6649708,0.22215082,0.52789617,0.17948744,0.850184,-0.41690058,-0.3417028,-0.46434736,0.66073024,-0.4264663,0.52635366,-0.74093986,-0.91644317,0.43627203,-0.27466837,-0.38586682,-0.7333662,0.8073955,-0.035765037
