data_1,data_2,data_3,data_4,data_5
-0.77002156,-0.040938474,0.45272535,0.20078029,-0.8491444
