data_1,data_2,data_3,data_4,data_5
-0.79838496,0.007672498,0.49369514,0.1356084,-0.82336974
