data_1,data_2,data_3,data_4,data_5,data_6,data_7,data_8,data_9,data_10,data_11,data_12,data_13,data_14,data_15,data_16,data_17,data_18,data_19,data_20,data_21,data_22,data_23,data_24,data_25,data_26,data_27,data_28,data_29,data_30,data_31,data_32,data_33,data_34,data_35,data_36,data_37,data_38,data_39,data_40,data_41,data_42,data_43,data_44,data_45,data_46,data_47,data_48,data_49,data_50,data_51,data_52,data_53,data_54,data_55,data_56,data_57,data_58,data_59,data_60,data_61,data_62,data_63,data_64,data_65,data_66,data_67,data_68,data_69,data_70,data_71,data_72,data_73,data_74,data_75,data_76,data_77,data_78,data_79,data_80,data_81,data_82,data_83,data_84,data_85,data_86,data_87,data_88,data_89,data_90,data_91,data_92,data_93,data_94,data_95,data_96,data_97,data_98,data_99,data_100
-0.7941464,0.50457233,-0.010281568,-0.4377387,-0.16414642,0.81086135,0.5392989,-0.31066218,-0.4807849,0.8801045,0.90333104,0.070601225,0.6174559,0.73578393,0.94277424,-0.25069234,0.1850881,-0.35989222,-0.85692334,0.55707175,0.3936541,-0.85526675,-0.79429024,-0.7180674,-0.8897428,-0.18280081,0.25559068,-0.50645924,-0.0054223062,0.6761155,-0.8829575,0.5042437,0.11278296,0.8165443,-0.06755245,0.6215009,-0.5956755,-0.32574403,-0.39671314,0.9163099,-0.67754376,0.6402155,-0.31082702,-0.90315706,0.48615035,-0.15684116,0.23875596,-0.7912953,0.8842199,0.094641834,-0.641942,0.7241998,-0.62595034,0.636478,0.023929365,0.13100088,0.19532356,0.67913723,0.97236335,0.9075803,0.94147956,-0.8093166,-0.074661374,-0.083985806,-0.23050857,0.3346732,-0.9061682,-0.41799298,-0.45535073,-0.06081353,0.84889966,-0.67303324,-0.3368426,0.8487527,-0.7375322,-0.862661,-0.54501015,-0.5134905,0.09899483,0.27101094,0.34422994,-0.06723393,-0.39904198,-0.18206888,-0.5180525,0.9275952,0.1848278,-0.7609768,0.9618688,0.4261078,0.6050603,0.14371125,0.5860811,-0.84789145,-0.1352048,-0.4777332,-0.21432392,0.1490434,-0.45470783,0.88178164
