data_1,data_2,data_3,data_4,data_5,data_6,data_7,data_8,data_9,data_10,data_11,data_12,data_13,data_14,data_15,data_16,data_17,data_18,data_19,data_20,data_21,data_22,data_23,data_24,data_25,data_26,data_27,data_28,data_29,data_30,data_31,data_32,data_33,data_34,data_35,data_36,data_37,data_38,data_39,data_40,data_41,data_42,data_43,data_44,data_45,data_46,data_47,data_48,data_49,data_50
0.7640711,-0.99425066,0.31565332,-0.3262071,-0.70724547,0.90869296,-0.10351736,0.13930929,-0.61733514,-0.43835765,-0.31618324,-0.41847947,-0.9105041,-0.5521537,-0.4100069,0.4716213,-0.032791123,-0.4001947,-0.07191248,0.32011867,0.8107886,-1.0014681,-0.013187675,-0.3566178,0.5556567,0.03586566,-0.82346314,-0.7629838,0.088354126,-0.7525075,0.7170565,0.06955609,-0.9067385,0.32173914,-0.3731408,0.18745121,-0.5555181,-0.06895374,0.6799532,-0.48587486,-0.3735782,0.16005959,0.30539227,0.22609836,-0.40579522,0.37750456,-0.23582396,-0.7535396,0.8609433,-0.020479638
