data_1,data_2
-0.5230417,-0.19655457
