parameter_1,parameter_2
-0.32851782,-0.04893442
