data_1,data_2,data_3,data_4,data_5
0.5381082,-1.3334267,0.20927523,-0.79499364,-0.8469787
