parameter_1,parameter_2,parameter_3,parameter_4,parameter_5
0.21707824,-0.8317063,-0.07557733,-0.4370258,-0.14421989
