data_1,data_2,data_3,data_4,data_5,data_6,data_7,data_8,data_9,data_10,data_11,data_12,data_13,data_14,data_15,data_16,data_17,data_18,data_19,data_20,data_21,data_22,data_23,data_24,data_25,data_26,data_27,data_28,data_29,data_30,data_31,data_32,data_33,data_34,data_35,data_36,data_37,data_38,data_39,data_40,data_41,data_42,data_43,data_44,data_45,data_46,data_47,data_48,data_49,data_50
0.86109203,0.699912,-0.9248582,0.64041287,-0.79552764,0.3405614,0.5905489,0.6465436,0.1598605,0.43071085,-0.87874067,0.84713066,-0.01666463,0.36386952,-0.14103065,0.3836507,0.048143487,-0.78040123,-0.43117058,-0.86422336,0.47798356,-0.5967185,0.5981181,0.89489955,0.71731293,-0.07439336,0.6725081,-0.08865156,-0.90605867,-0.31991708,0.3990154,0.32460624,0.83266383,0.66534364,0.68412405,-0.8441235,-0.22371717,1.0048723,0.4460394,0.22660474,0.34410653,-0.33260757,1.0161996,-0.54040325,0.38024765,-0.3663342,0.032653943,0.5607763,0.7649283,-0.8202657
