data_1,data_2,data_3,data_4,data_5,data_6,data_7,data_8,data_9,data_10
0.7198154,-0.33651024,0.7352373,-1.0001985,0.60282916,0.54920536,-0.009973185,-0.3505265,-0.9419487,-1.0086652
