data_1,data_2,data_3,data_4,data_5,data_6,data_7,data_8,data_9,data_10
0.7231564,-1.0054544,0.32993442,-0.29629204,-0.7427074,0.86160785,-0.118507296,0.10837078,-0.6446986,-0.4029078
