data_1,data_2,data_3,data_4,data_5,data_6,data_7,data_8,data_9,data_10,data_11,data_12,data_13,data_14,data_15,data_16,data_17,data_18,data_19,data_20,data_21,data_22,data_23,data_24,data_25,data_26,data_27,data_28,data_29,data_30,data_31,data_32,data_33,data_34,data_35,data_36,data_37,data_38,data_39,data_40,data_41,data_42,data_43,data_44,data_45,data_46,data_47,data_48,data_49,data_50
-0.32489374,-0.8767915,0.9763017,-0.6439805,-0.97900295,0.19231385,0.36737427,0.013006497,-0.5533696,0.35548046,-0.4070484,0.7539388,0.6718355,-0.24102183,-0.063291736,-0.18992087,-0.2661892,-0.85801345,-0.58587676,0.7046689,-0.61202294,0.46288738,0.15550366,-0.24463563,0.8290796,0.8784786,-0.71878004,-0.48182058,0.22890183,-0.21929763,0.97064435,-0.8363396,0.52864546,-0.50868267,-0.49547166,0.5222219,-0.00020590657,-0.77452,-0.90827906,0.06902784,-0.2600217,-0.61569804,0.2700915,0.73933727,0.080709234,-0.015926253,0.55989414,0.25607914,0.027786028,0.8189026
