data_1,data_2,data_3,data_4,data_5
0.20216376,-0.20120163,0.57333505,0.33063662,-1.0202862
