parameter_1,parameter_2,parameter_3,parameter_4,parameter_5
0.21370807,-0.14310072,0.3802537,0.23015006,-0.4929388
