data_1,data_2,data_3,data_4,data_5,data_6,data_7,data_8,data_9,data_10,data_11,data_12,data_13,data_14,data_15,data_16,data_17,data_18,data_19,data_20,data_21,data_22,data_23,data_24,data_25,data_26,data_27,data_28,data_29,data_30,data_31,data_32,data_33,data_34,data_35,data_36,data_37,data_38,data_39,data_40,data_41,data_42,data_43,data_44,data_45,data_46,data_47,data_48,data_49,data_50,data_51,data_52,data_53,data_54,data_55,data_56,data_57,data_58,data_59,data_60,data_61,data_62,data_63,data_64,data_65,data_66,data_67,data_68,data_69,data_70,data_71,data_72,data_73,data_74,data_75,data_76,data_77,data_78,data_79,data_80,data_81,data_82,data_83,data_84,data_85,data_86,data_87,data_88,data_89,data_90,data_91,data_92,data_93,data_94,data_95,data_96,data_97,data_98,data_99,data_100
0.6818481,0.017425537,-0.58618325,0.623248,-0.6398887,0.5223757,-0.0071315225,-0.6401153,0.7650857,0.7602733,0.9144524,0.531855,-0.26546848,0.49827087,-0.40485185,0.8502154,0.0883463,-0.8598,0.36684754,0.5287379,0.33610508,0.3466255,0.81232834,-0.75283915,0.5028975,-0.34952113,0.16017635,0.8822078,-0.95279884,-0.3817768,0.7393262,-0.28839082,-0.86282814,-0.87123376,-0.9307601,-0.50020367,-0.5801357,-0.22047746,-0.5699056,-0.38138646,-0.3163285,-0.80530757,-0.106454864,0.664447,-0.12777874,0.14543912,0.048770677,0.6336864,-0.17175768,0.31489682,-0.8321417,-0.82485205,-0.8655443,0.735214,0.40249354,-0.2016474,-0.41761485,0.68065196,0.6080078,0.5770257,0.06860684,-0.9726266,0.4077094,0.95319384,0.15678644,0.47211578,-0.955879,-0.056067865,-0.9514584,-0.23237208,-0.2081631,-0.41754362,0.6496857,0.10958408,0.052692905,-0.20371829,-0.42645028,0.47024062,0.7148696,-0.6583181,-0.44138423,-0.9277461,-0.120236,0.8108972,-0.20750695,0.52940375,0.37690258,-0.55869967,-0.44900697,-0.1297814,0.6883879,-0.613092,-0.08877729,-0.084310934,-0.1549018,-0.9279135,0.26619658,0.9452874,0.9374585,0.9190723
