data_1,data_2,data_3,data_4,data_5,data_6,data_7,data_8,data_9,data_10,data_11,data_12,data_13,data_14,data_15,data_16,data_17,data_18,data_19,data_20,data_21,data_22,data_23,data_24,data_25,data_26,data_27,data_28,data_29,data_30,data_31,data_32,data_33,data_34,data_35,data_36,data_37,data_38,data_39,data_40,data_41,data_42,data_43,data_44,data_45,data_46,data_47,data_48,data_49,data_50,data_51,data_52,data_53,data_54,data_55,data_56,data_57,data_58,data_59,data_60,data_61,data_62,data_63,data_64,data_65,data_66,data_67,data_68,data_69,data_70,data_71,data_72,data_73,data_74,data_75,data_76,data_77,data_78,data_79,data_80,data_81,data_82,data_83,data_84,data_85,data_86,data_87,data_88,data_89,data_90,data_91,data_92,data_93,data_94,data_95,data_96,data_97,data_98,data_99,data_100
0.9029798,0.7268167,-0.9697659,0.7249953,-0.67968565,0.36890143,0.5829678,0.6577408,0.14769055,0.42691258,-0.9273018,0.74022406,0.0015915951,0.37319613,-0.03658023,0.37724,0.07216571,-0.7002834,-0.46550387,-0.90119123,0.535693,-0.57326967,0.64242953,0.91780275,0.6897622,-0.055297725,0.692686,-0.08287123,-0.8207586,-0.2954636,0.39512908,0.3298911,0.82983875,0.6495805,0.5932144,-0.91246647,-0.23695941,0.95873046,0.41978624,0.2120625,0.353934,-0.39066693,0.98042095,-0.5075512,0.36625814,-0.377473,-0.051182866,0.54715765,0.7054464,-0.7839487,-0.42218286,0.88328815,-0.7477226,0.763301,0.65559316,-0.048522163,-0.38921657,0.28601786,-0.10350226,-0.55644804,-0.88466007,0.09432173,0.15313911,-0.2651513,0.36241153,-0.41636103,0.23173644,-0.45044327,-0.17854874,0.58527505,-0.6364152,-0.1922803,-0.68803126,-0.6196535,0.61571205,0.050921254,0.37355256,0.50799954,-0.2027445,0.2951165,-0.9026032,-0.029882831,-0.9471785,-0.18135855,0.45944747,0.11136109,-0.4768992,0.8055532,0.413421,0.667329,0.8397725,-0.46990725,0.1043851,-0.88160074,0.84035355,0.07893378,0.54231644,-0.6118013,0.5546856,-0.9264327
