data_1,data_2,data_3,data_4,data_5,data_6,data_7,data_8,data_9,data_10,data_11,data_12,data_13,data_14,data_15,data_16,data_17,data_18,data_19,data_20,data_21,data_22,data_23,data_24,data_25,data_26,data_27,data_28,data_29,data_30,data_31,data_32,data_33,data_34,data_35,data_36,data_37,data_38,data_39,data_40,data_41,data_42,data_43,data_44,data_45,data_46,data_47,data_48,data_49,data_50,data_51,data_52,data_53,data_54,data_55,data_56,data_57,data_58,data_59,data_60,data_61,data_62,data_63,data_64,data_65,data_66,data_67,data_68,data_69,data_70,data_71,data_72,data_73,data_74,data_75,data_76,data_77,data_78,data_79,data_80,data_81,data_82,data_83,data_84,data_85,data_86,data_87,data_88,data_89,data_90,data_91,data_92,data_93,data_94,data_95,data_96,data_97,data_98,data_99,data_100
0.7457987,-0.98351824,0.29325888,-0.32007766,-0.7098617,0.8994923,-0.0967897,0.15417625,-0.66348255,-0.37165543,-0.2664641,-0.39486098,-0.93163204,-0.55662066,-0.47557002,0.47857934,-0.031875864,-0.47471762,-0.031859785,0.31810015,0.77544683,-0.9683421,0.0019838782,-0.4102731,0.61247873,0.0075519346,-0.8258483,-0.72280604,0.0698237,-0.72611344,0.6976904,0.02303435,-0.91327375,0.2849311,-0.39580706,0.21348728,-0.55497,-0.038657114,0.654458,-0.49994603,-0.34026632,0.10088937,0.31543523,0.16138926,-0.40567565,0.30087852,-0.21405478,-0.7243475,0.8832106,-0.024112346,-0.23094678,0.7096828,0.37798837,0.62210965,-0.10814303,-0.51686114,0.52379686,-0.4796666,-0.8684676,0.21503711,-0.7469913,0.20892346,-0.6449013,-0.46484613,-0.34923533,-0.39828584,0.0018494464,0.7492701,-0.87130636,0.11800991,0.30959934,0.5113354,-0.17945243,0.14900911,0.9417029,0.9369934,-0.61404866,0.13184044,0.4081595,-0.31065202,0.111862086,-0.88747364,-0.20732576,0.79512703,0.10117995,0.61438257,-1.0283703,-0.76654595,0.2813398,0.94167954,0.6417629,0.8889878,-0.070579216,-0.7896594,0.17276484,-0.9127775,0.62833786,-0.60732,-0.51250076,-0.2451607
