data_1,data_2,data_3,data_4,data_5,data_6,data_7,data_8,data_9,data_10,data_11,data_12,data_13,data_14,data_15,data_16,data_17,data_18,data_19,data_20,data_21,data_22,data_23,data_24,data_25,data_26,data_27,data_28,data_29,data_30,data_31,data_32,data_33,data_34,data_35,data_36,data_37,data_38,data_39,data_40,data_41,data_42,data_43,data_44,data_45,data_46,data_47,data_48,data_49,data_50
0.6833691,0.019749695,-0.5921853,0.67148626,-0.6165018,0.5434413,-0.017652735,-0.6401289,0.7586725,0.7664988,0.89267504,0.4949841,-0.28805998,0.49779814,-0.37724152,0.82670677,0.09346778,-0.8386511,0.3475817,0.5263297,0.36299106,0.35629973,0.8202119,-0.7284853,0.48265845,-0.32745326,0.16742148,0.8577989,-0.9287905,-0.3716843,0.7670201,-0.2728056,-0.8480284,-0.86476505,-0.946663,-0.513731,-0.5867354,-0.22203131,-0.55784583,-0.3905601,-0.33052003,-0.8279615,-0.11459668,0.6614819,-0.14219959,0.13795535,0.030620193,0.6384932,-0.1887097,0.29504162
