data_1,data_2,data_3,data_4,data_5
0.75444305,-0.26157773,0.86948776,-0.92323774,0.6111779
