data_1,data_2,data_3,data_4,data_5,data_6,data_7,data_8,data_9,data_10
-0.8357611,0.48749137,0.01371876,-0.48509562,-0.20969653,0.8077385,0.54888797,-0.34006426,-0.46181148,0.8627585
