data_1,data_2,data_3,data_4,data_5,data_6,data_7,data_8,data_9,data_10
0.5131718,-0.068710245,-0.47535485,0.6468017,-0.6381192,0.37133834,-0.056748938,-0.7020936,0.7417316,0.85365313
