data_1,data_2,data_3,data_4,data_5
0.7384958,-0.2777187,0.7848984,-0.983459,0.5775385
