data_1,data_2,data_3,data_4,data_5
-0.94591707,-0.14548503,0.9845166,0.4060031,0.987625
