data_1,data_2,data_3,data_4,data_5,data_6,data_7,data_8,data_9,data_10
0.8980125,0.736202,-0.90212405,0.6747677,-0.6373224,0.39907515,0.43618107,0.59856266,0.16903159,0.2451454
