data_1,data_2,data_3,data_4,data_5
-0.93366826,-0.14340194,1.0290071,0.3946159,0.96283686
