data_1,data_2,data_3,data_4,data_5
0.75695777,0.7405249,-1.1202812,0.51322573,-0.7979746
