data_1,data_2,data_3,data_4,data_5,data_6,data_7,data_8,data_9,data_10,data_11,data_12,data_13,data_14,data_15,data_16,data_17,data_18,data_19,data_20,data_21,data_22,data_23,data_24,data_25,data_26,data_27,data_28,data_29,data_30,data_31,data_32,data_33,data_34,data_35,data_36,data_37,data_38,data_39,data_40,data_41,data_42,data_43,data_44,data_45,data_46,data_47,data_48,data_49,data_50,data_51,data_52,data_53,data_54,data_55,data_56,data_57,data_58,data_59,data_60,data_61,data_62,data_63,data_64,data_65,data_66,data_67,data_68,data_69,data_70,data_71,data_72,data_73,data_74,data_75,data_76,data_77,data_78,data_79,data_80,data_81,data_82,data_83,data_84,data_85,data_86,data_87,data_88,data_89,data_90,data_91,data_92,data_93,data_94,data_95,data_96,data_97,data_98,data_99,data_100
-0.88747406,-0.4076658,0.09245372,-0.012665555,-0.6477986,-0.8183335,0.34735572,0.4332331,0.18318868,-0.14344643,1.4364116,-0.25658873,-0.20975506,0.7609011,-0.81285745,0.85037446,0.58270246,-0.24703349,-0.10302839,0.14651197,0.38429564,-1.0240933,-1.2866817,1.1447712,-0.32704785,-0.23243299,0.81503266,0.22528896,0.26987776,-0.21677351,0.526253,-0.45235866,0.47215807,0.75523305,0.3874691,0.47190547,0.06292185,0.07570046,0.0778715,0.45302135,0.61201954,-0.7394372,-0.14999121,0.3893261,0.8414624,-0.030648276,-0.29351908,-0.6508951,0.28634894,-0.52272505,0.831087,-0.34511983,0.9970232,0.13052851,0.70036054,-0.6420761,0.8220957,0.933479,-0.011643022,0.32588744,0.22798079,-0.81803524,0.62089914,-0.07535997,-0.80469316,0.671855,-0.20301192,0.8074109,-1.27951,-0.8455743,-0.7926798,0.3895832,-0.50680506,1.1099819,0.5649819,1.0131971,-1.0443847,-0.20393498,0.18943661,-0.034110792,0.9164063,-0.873827,-0.437164,-0.48459658,-1.0186119,0.30747306,-0.46369016,0.6946708,-0.7181057,-0.46589023,0.34839427,-1.2995205,0.007800609,-0.13193072,-0.30494797,1.055806,0.57848024,0.5586948,1.0253873,-0.27706802
