data_1,data_2,data_3,data_4
-0.8136404,0.68188184,0.29421616,0.34219587
