parameter_1,parameter_2,parameter_3,parameter_4
-0.61911654,0.829502,0.10599208,-0.09929764
