data_1,data_2,data_3,data_4,data_5,data_6,data_7,data_8,data_9,data_10,data_11,data_12,data_13,data_14,data_15,data_16,data_17,data_18,data_19,data_20,data_21,data_22,data_23,data_24,data_25,data_26,data_27,data_28,data_29,data_30,data_31,data_32,data_33,data_34,data_35,data_36,data_37,data_38,data_39,data_40,data_41,data_42,data_43,data_44,data_45,data_46,data_47,data_48,data_49,data_50
-0.29286245,-0.8566296,0.95822394,-0.5988283,-0.9331952,0.16711518,0.35323566,0.019688658,-0.5897845,0.3455503,-0.47652215,0.7153463,0.6851215,-0.24814026,-0.050508488,-0.18797015,-0.23905388,-0.8026238,-0.6010648,0.6299116,-0.60484284,0.4286825,0.19783735,-0.19288547,0.7898584,0.9031947,-0.6929533,-0.5038242,0.2656856,-0.22125873,0.9552995,-0.82556874,0.54833734,-0.49353418,-0.52922946,0.4886083,0.009884433,-0.78167766,-0.9460551,0.0761686,-0.22188912,-0.63643736,0.2614998,0.7608736,0.09574907,-0.011608243,0.5546717,0.25902107,0.010674911,0.87529075
