data_1,data_2,data_3,data_4,data_5,data_6,data_7,data_8,data_9,data_10,data_11,data_12,data_13,data_14,data_15,data_16,data_17,data_18,data_19,data_20,data_21,data_22,data_23,data_24,data_25,data_26,data_27,data_28,data_29,data_30,data_31,data_32,data_33,data_34,data_35,data_36,data_37,data_38,data_39,data_40,data_41,data_42,data_43,data_44,data_45,data_46,data_47,data_48,data_49,data_50,data_51,data_52,data_53,data_54,data_55,data_56,data_57,data_58,data_59,data_60,data_61,data_62,data_63,data_64,data_65,data_66,data_67,data_68,data_69,data_70,data_71,data_72,data_73,data_74,data_75,data_76,data_77,data_78,data_79,data_80,data_81,data_82,data_83,data_84,data_85,data_86,data_87,data_88,data_89,data_90,data_91,data_92,data_93,data_94,data_95,data_96,data_97,data_98,data_99,data_100
-0.80335337,0.008909179,0.49479234,0.121621504,-0.82013834,-0.30179274,0.15781488,0.8690204,-0.16982532,0.055703666,0.8680129,-0.27632552,-0.14680651,0.9045988,-0.3003016,0.82084453,0.16969089,-0.44210798,-0.2610029,0.6835945,0.22216822,-0.9401,-0.7470059,0.980285,-0.61442643,0.017906884,0.7366599,0.36162612,0.6516226,-0.11241428,0.29683164,0.24724665,0.63726026,0.36090383,0.23268174,0.9585457,-0.24258476,0.4706201,-0.4038138,0.25015327,0.42294908,-0.741582,-0.53293854,-0.019053277,0.8581602,0.13004994,-0.9785666,-0.37323293,0.35296506,-0.46133268,0.5749238,-0.21743117,0.6230948,-0.6309362,0.41807535,-0.50646526,0.870274,0.74880105,-0.43097833,0.47912198,0.105401725,-0.84932643,0.4814088,-0.31404117,-0.8022967,-0.13515866,-0.34641573,0.62990844,-0.89651436,-0.86698323,-0.8366707,0.6430549,-0.5500333,0.9183645,0.5235044,0.97950304,-0.6902686,-0.22012334,-0.052095532,0.08214863,0.56894153,-0.49588013,-0.13905202,-0.12436738,-0.9061607,0.72005755,-0.2958279,0.75356543,-0.7468667,-0.6978363,0.6526793,-0.81887954,-0.34947416,-0.10157567,-0.35144585,0.977754,0.13293044,0.03845685,0.88648725,-0.21812175
