data_1,data_2,data_3,data_4
-0.10641426,-0.12269665,-0.3032164,0.5117359
