data_1,data_2,data_3,data_4,data_5,data_6,data_7,data_8,data_9,data_10
-0.61242497,0.04621129,-0.5303223,0.70017165,0.727947,0.7747822,0.33365577,0.8334361,0.47457913,0.6319281
