data_1,data_2
0.39336807,-0.078929305
