parameter_1,parameter_2
-0.13793041,0.045632858
