data_1,data_2,data_3,data_4,data_5,data_6,data_7,data_8,data_9,data_10
-0.96410704,0.0011956235,0.63442546,0.08351718,-0.7153917,-0.50814104,0.12955394,0.7956961,-0.14217831,0.16372567
