data_1,data_2,data_3,data_4,data_5,data_6,data_7,data_8,data_9,data_10,data_11,data_12,data_13,data_14,data_15,data_16,data_17,data_18,data_19,data_20,data_21,data_22,data_23,data_24,data_25,data_26,data_27,data_28,data_29,data_30,data_31,data_32,data_33,data_34,data_35,data_36,data_37,data_38,data_39,data_40,data_41,data_42,data_43,data_44,data_45,data_46,data_47,data_48,data_49,data_50,data_51,data_52,data_53,data_54,data_55,data_56,data_57,data_58,data_59,data_60,data_61,data_62,data_63,data_64,data_65,data_66,data_67,data_68,data_69,data_70,data_71,data_72,data_73,data_74,data_75
-0.89382017,0.5132537,0.23106481,-0.7636775,0.15731701,1.2850211,0.442748,-0.20376717,-0.40259716,1.0889326,0.82964534,-0.1560244,0.9294597,0.6759485,0.60991704,-0.49618328,0.567232,-0.48713326,-0.852769,0.7677758,0.59384227,-0.6578599,-0.95074433,-0.76187813,-1.0468223,-0.71752053,0.370498,-0.24194062,0.15157177,0.41427833,-0.48834953,0.75519764,-0.018439487,0.5015672,0.50865966,-0.15829974,-0.11087757,0.033081025,-0.73085904,0.27692038,-0.80664706,1.1657624,-0.9562438,-1.0464393,0.6799936,0.23337066,0.1915372,-0.34392077,-0.16342986,0.21928571,-0.87128097,0.8494038,-1.1332691,0.7298356,-0.026992861,0.6089013,0.37830198,0.42688662,1.0854546,1.3247534,0.72534454,-0.75581825,0.2692383,-0.109800436,-0.30386162,0.34093997,-0.9483724,-0.5742818,-0.77250767,-0.20403504,0.7276215,-0.3989044,-0.57072496,0.9493029,-0.4992082
