parameter_1,parameter_2,parameter_3,parameter_4,parameter_5,parameter_6,parameter_7,parameter_8,parameter_9,parameter_10,parameter_11,parameter_12,parameter_13,parameter_14,parameter_15,parameter_16,parameter_17,parameter_18,parameter_19,parameter_20,parameter_21,parameter_22,parameter_23,parameter_24,parameter_25,parameter_26,parameter_27,parameter_28,parameter_29,parameter_30,parameter_31,parameter_32,parameter_33,parameter_34,parameter_35,parameter_36,parameter_37,parameter_38,parameter_39,parameter_40,parameter_41,parameter_42,parameter_43,parameter_44,parameter_45,parameter_46,parameter_47,parameter_48,parameter_49,parameter_50,parameter_51,parameter_52,parameter_53,parameter_54,parameter_55,parameter_56,parameter_57,parameter_58,parameter_59,parameter_60,parameter_61,parameter_62,parameter_63,parameter_64,parameter_65,parameter_66,parameter_67,parameter_68,parameter_69,parameter_70,parameter_71,parameter_72,parameter_73,parameter_74,parameter_75
-0.7995198,0.49675143,-0.0035431385,-0.43815613,-0.16744614,0.81618166,0.5373577,-0.31165457,-0.46446574,0.86274874,0.8849535,0.07453048,0.62580264,0.73233354,0.9515214,-0.25534797,0.17841983,-0.35109854,-0.8671522,0.565048,0.401183,-0.866366,-0.7971597,-0.69651175,-0.90624607,-0.17885995,0.25014663,-0.51413906,0.0008790493,0.6555902,-0.8719338,0.5151745,0.114263415,0.81660235,-0.06414938,0.62343884,-0.5899942,-0.331468,-0.38462353,0.9237133,-0.68010604,0.65905654,-0.30660045,-0.882717,0.48209512,-0.12558675,0.24007487,-0.8056886,0.87681234,0.09077597,-0.6440222,0.7322233,-0.6298301,0.6273942,0.030601263,0.15664995,0.19736779,0.68761146,0.982736,0.90735686,0.9552742,-0.8148434,-0.08042157,-0.075930595,-0.2449528,0.32346284,-0.91666925,-0.42225766,-0.45588923,-0.051445723,0.85323226,-0.67505705,-0.32088125,0.8460331,-0.73643184
