data_1,data_2,data_3,data_4,data_5
-0.5400591,0.14862783,-0.43977103,0.57276076,0.76397175
