data_1,data_2,data_3,data_4,data_5
0.687706,0.018891323,-0.5886511,0.60408527,-0.6382366
