data_1,data_2,data_3,data_4,data_5,data_6,data_7,data_8,data_9,data_10,data_11,data_12,data_13,data_14,data_15,data_16,data_17,data_18,data_19,data_20,data_21,data_22,data_23,data_24,data_25,data_26,data_27,data_28,data_29,data_30,data_31,data_32,data_33,data_34,data_35,data_36,data_37,data_38,data_39,data_40,data_41,data_42,data_43,data_44,data_45,data_46,data_47,data_48,data_49,data_50
0.67857295,0.0135996165,-0.5799947,0.6224614,-0.6474038,0.52418387,-0.003793071,-0.6401425,0.7634196,0.76625746,0.9185528,0.5369736,-0.27268076,0.49365506,-0.4116611,0.848285,0.086884916,-0.8540073,0.36642188,0.5386868,0.3369491,0.35075596,0.80841327,-0.751657,0.503216,-0.34628367,0.16322939,0.8786352,-0.9537813,-0.37894538,0.74295753,-0.28550455,-0.85592926,-0.86814195,-0.93594074,-0.49821973,-0.5828396,-0.2082498,-0.5635302,-0.38194302,-0.31484273,-0.8050352,-0.11175779,0.66035104,-0.12976785,0.14332937,0.049410135,0.6361768,-0.16679554,0.30233505
