data_1,data_2,data_3,data_4,data_5
-0.6068319,0.048275832,-0.46383274,0.5889433,0.74815285
