data_1,data_2,data_3,data_4,data_5,data_6,data_7,data_8,data_9,data_10
0.65900785,0.002589235,-0.583073,0.63327926,-0.6510795,0.52004987,-0.009068372,-0.6411381,0.74443823,0.7809432
