data_1,data_2
0.33097827,0.13035956
