parameter_1,parameter_2
0.7524056,-0.40969732
