data_1,data_2,data_3,data_4,data_5
1.1996417,-0.25925204,-0.8655095,0.57286406,-0.6356771
