parameter_1,parameter_2,parameter_3,parameter_4,parameter_5
0.7524056,-0.40969732,-0.4214273,0.5400569,0.106762305
