data_1,data_2,data_3,data_4,data_5,data_6,data_7,data_8,data_9,data_10,data_11,data_12,data_13,data_14,data_15,data_16,data_17,data_18,data_19,data_20,data_21,data_22,data_23,data_24,data_25,data_26,data_27,data_28,data_29,data_30,data_31,data_32,data_33,data_34,data_35,data_36,data_37,data_38,data_39,data_40,data_41,data_42,data_43,data_44,data_45,data_46,data_47,data_48,data_49,data_50,data_51,data_52,data_53,data_54,data_55,data_56,data_57,data_58,data_59,data_60,data_61,data_62,data_63,data_64,data_65,data_66,data_67,data_68,data_69,data_70,data_71,data_72,data_73,data_74,data_75,data_76,data_77,data_78,data_79,data_80,data_81,data_82,data_83,data_84,data_85,data_86,data_87,data_88,data_89,data_90,data_91,data_92,data_93,data_94,data_95,data_96,data_97,data_98,data_99,data_100
-0.63606346,0.0030385717,-0.48035845,0.5980787,0.7437509,0.7891196,0.4411659,0.94751513,0.48046362,0.72564024,-0.45988527,-0.2298959,0.28228116,0.94750917,-0.91723907,0.35689908,0.12513916,-0.3641715,0.6588949,0.39494327,0.75587136,0.09685763,-0.09042979,-0.6682898,0.92927706,-0.7770209,0.18332411,-0.4105984,-0.40963525,-0.28580436,0.6508039,0.37503722,-0.15808816,0.31021816,0.22534034,0.93855673,-0.039450344,0.93075687,0.58203447,-0.7438038,-0.4256274,-0.6952096,-0.1819698,0.28085664,-0.64961946,0.39233425,0.7443216,0.0049117827,-0.66711,-0.3399793,-0.71781135,-0.6587838,0.5303272,-0.7000095,-0.99443716,0.8809744,-0.08312065,0.19599307,-0.0345375,-0.020253992,-0.8757354,0.07855527,-0.24407616,0.06966759,-0.42058593,-0.64719284,0.18150908,-0.21067634,-0.95831734,-0.11950894,-0.5870427,-0.18388541,-0.69640875,0.79950714,0.8694149,-0.6586081,-0.19392988,-0.57553667,-0.43461034,-0.7250311,-0.77499163,-0.52154946,-0.73640823,0.8924458,-0.7600389,-0.81493425,-0.029094197,0.7629232,-0.97903734,0.31015718,0.11409993,-0.65153635,-0.17572075,0.052536998,0.17248932,0.09928588,-0.8172507,-0.5939986,0.1071397,0.60487723
