data_1,data_2,data_3,data_4,data_5,data_6,data_7,data_8
-0.58601403,0.048108835,0.97283685,-0.0731693,0.054784395,-0.5888098,-0.07426329,0.5228606
