data_1,data_2,data_3,data_4,data_5,data_6,data_7,data_8,data_9,data_10,data_11,data_12,data_13,data_14,data_15,data_16,data_17,data_18,data_19,data_20,data_21,data_22,data_23,data_24,data_25,data_26,data_27,data_28,data_29,data_30,data_31,data_32,data_33,data_34,data_35,data_36,data_37,data_38,data_39,data_40,data_41,data_42,data_43,data_44,data_45,data_46,data_47,data_48,data_49,data_50,data_51,data_52,data_53,data_54,data_55,data_56,data_57,data_58,data_59,data_60,data_61,data_62,data_63,data_64,data_65,data_66,data_67,data_68,data_69,data_70,data_71,data_72,data_73,data_74,data_75
0.57865494,0.64451486,-1.4619147,0.6899332,-0.31531063,0.3431388,0.7542739,0.71254826,0.37211224,-0.064611405,-1.1359831,1.0616194,-0.25990734,0.2738458,-0.3485828,0.34579968,0.3062486,-1.076833,-0.38754982,-1.4414452,0.9302287,-0.05199343,0.48695534,0.9280538,0.74437547,-0.14437145,0.7493224,0.37628686,-0.80227524,-0.18128836,0.26173013,0.8931199,0.76349676,0.71051586,0.05655557,-0.9655681,-0.5840518,1.3812975,0.30487573,0.5767758,0.42107728,-0.29458213,0.417471,-0.43640795,0.41022313,-0.60782754,-0.124018155,0.809837,0.8639333,-0.3372755,-0.10091102,1.0017183,-0.38970512,0.31411597,0.79936445,0.32885975,-1.2952886,0.20335354,-0.5012611,-0.253281,-1.1629521,0.3955325,0.35642356,-0.78071314,-0.32366472,-0.50353754,-0.24614933,-0.5300404,0.01759009,0.97174096,-0.01299125,-0.41800797,-0.503168,-0.49930725,0.47705042
