data_1,data_2,data_3,data_4,data_5
0.11297569,0.029786345,-0.048802197,-0.4383365,0.84288865
