data_1,data_2,data_3,data_4,data_5,data_6,data_7,data_8,data_9,data_10
0.89580613,0.7236525,-0.94324726,0.7088657,-0.66960144,0.37817678,0.5379973,0.63766754,0.16150244,0.35920942
