data_1,data_2,data_3,data_4,data_5,data_6,data_7,data_8
0.20760213,-1.2532527,-0.54385227,-0.19568244,0.23937553,0.3145764,-0.19380677,-0.0031821104
