data_1,data_2,data_3,data_4,data_5
0.7060749,0.031824164,-0.56259555,0.6268912,-0.6144054
