data_1,data_2,data_3,data_4,data_5
0.68655217,0.019058207,-0.5737153,0.621985,-0.63613534
