parameter_1,parameter_2,parameter_3,parameter_4,parameter_5
0.6775234,0.013154268,-0.5788579,0.61971605,-0.6461849
