data_1,data_2,data_3,data_4,data_5
0.14695424,-0.36685827,-0.75705886,0.6850995,0.0025052875
