data_1,data_2,data_3,data_4,data_5,data_6,data_7,data_8,data_9,data_10,data_11,data_12,data_13,data_14,data_15,data_16,data_17,data_18,data_19,data_20,data_21,data_22,data_23,data_24,data_25,data_26,data_27,data_28,data_29,data_30,data_31,data_32,data_33,data_34,data_35,data_36,data_37,data_38,data_39,data_40,data_41,data_42,data_43,data_44,data_45,data_46,data_47,data_48,data_49,data_50
0.73668694,-0.32644218,0.7404271,-0.995799,0.59515166,0.57649463,-0.03547886,-0.33584356,-0.9311181,-0.98992467,0.9193227,0.3870865,-0.55097306,-0.31734762,-0.32406753,-0.70728135,0.43282557,0.73336315,0.24276166,0.97479826,-0.82198906,0.57365847,0.96529645,0.47607982,-0.8072531,-0.4881896,-0.31376627,-0.11964263,-0.37824643,-0.4459,0.26053622,-0.47643346,0.8829755,0.5298775,0.27341598,-0.9930852,0.84344995,0.9299692,0.32273218,-0.055565294,0.2845772,-0.739433,0.5511261,0.75980306,-0.9750841,-0.565418,0.20121711,0.00860031,-0.543829,-0.74358666
