data_1,data_2,data_3,data_4,data_5
-0.28821456,-0.89132845,0.89319783,-0.60907024,-0.8948955
