data_1,data_2,data_3,data_4,data_5,data_6,data_7,data_8,data_9,data_10,data_11,data_12,data_13,data_14,data_15,data_16,data_17,data_18,data_19,data_20,data_21,data_22,data_23,data_24,data_25,data_26,data_27,data_28,data_29,data_30,data_31,data_32,data_33,data_34,data_35,data_36,data_37,data_38,data_39,data_40,data_41,data_42,data_43,data_44,data_45,data_46,data_47,data_48,data_49,data_50
0.8911575,0.72522765,-0.95839757,0.7198872,-0.69351715,0.35945958,0.5854152,0.6533853,0.1537583,0.41862968,-0.94653547,0.741306,-0.0001472896,0.3702099,-0.033565477,0.37862748,0.069573015,-0.6927411,-0.47932348,-0.90406597,0.53295636,-0.5921842,0.64410204,0.9298198,0.6732224,-0.041118644,0.68924016,-0.09903268,-0.80869174,-0.31716216,0.39966434,0.34796935,0.83144194,0.6535211,0.5967068,-0.9124619,-0.22911,0.95061636,0.4282995,0.22188911,0.34170827,-0.38190544,0.9897595,-0.49450657,0.3675049,-0.34979406,-0.047665183,0.53211826,0.69618464,-0.7802852
