parameter_1,parameter_2,parameter_3,parameter_4,parameter_5,parameter_6,parameter_7,parameter_8,parameter_9,parameter_10,parameter_11,parameter_12,parameter_13,parameter_14,parameter_15,parameter_16,parameter_17,parameter_18,parameter_19,parameter_20,parameter_21,parameter_22,parameter_23,parameter_24,parameter_25,parameter_26,parameter_27,parameter_28,parameter_29,parameter_30,parameter_31,parameter_32,parameter_33,parameter_34,parameter_35,parameter_36,parameter_37,parameter_38,parameter_39,parameter_40,parameter_41,parameter_42,parameter_43,parameter_44,parameter_45,parameter_46,parameter_47,parameter_48,parameter_49,parameter_50
0.89478576,0.71784866,-0.96226573,0.72463524,-0.68452966,0.3685118,0.5850848,0.65575254,0.15802038,0.4119612,-0.9444246,0.7423222,0.004303217,0.3682171,-0.027544856,0.37111688,0.065754056,-0.6926967,-0.47713876,-0.89679563,0.53656566,-0.58295524,0.6395905,0.9255198,0.67994285,-0.04254937,0.6901225,-0.08787346,-0.8118075,-0.31423306,0.40195835,0.3499161,0.8283117,0.6493161,0.59452,-0.9123393,-0.23414326,0.9490775,0.4307356,0.21570683,0.33856618,-0.38143468,0.9860196,-0.49289417,0.36481333,-0.35053027,-0.05138147,0.5312394,0.6957277,-0.7863456
