data_1,data_2,data_3,data_4,data_5,data_6,data_7,data_8,data_9,data_10,data_11,data_12,data_13,data_14,data_15,data_16,data_17,data_18,data_19,data_20,data_21,data_22,data_23,data_24,data_25,data_26,data_27,data_28,data_29,data_30,data_31,data_32,data_33,data_34,data_35,data_36,data_37,data_38,data_39,data_40,data_41,data_42,data_43,data_44,data_45,data_46,data_47,data_48,data_49,data_50,data_51,data_52,data_53,data_54,data_55,data_56,data_57,data_58,data_59,data_60,data_61,data_62,data_63,data_64,data_65,data_66,data_67,data_68,data_69,data_70,data_71,data_72,data_73,data_74,data_75,data_76,data_77,data_78,data_79,data_80,data_81,data_82,data_83,data_84,data_85,data_86,data_87,data_88,data_89,data_90,data_91,data_92,data_93,data_94,data_95,data_96,data_97,data_98,data_99,data_100
1.2663194,0.8515418,-0.65448785,0.6975802,-0.70247334,0.72323614,0.44013873,0.5909376,0.2914657,0.3715344,-0.8863722,0.7486571,-0.08312686,0.6266248,-0.21814698,0.45362797,-0.0389767,-0.7205535,-0.20013803,-0.61830795,1.0418315,-0.28202116,0.4952936,1.0937254,0.5313547,-0.48723945,0.8156826,-0.31813937,-1.298276,-0.023510814,0.43764815,-0.5553063,0.9218875,0.9090674,0.61952895,-1.019039,0.06767449,1.6207244,-0.4392423,0.31306738,1.1548457,0.18522233,0.8792813,-0.34141916,0.3313065,-0.48353857,-0.08548954,1.0614684,1.1685948,-0.8814304,-0.11516726,0.6053233,-0.44012606,0.96017104,0.14739352,-0.6911209,-0.06657934,0.0042259395,-0.17399217,-0.36428255,-0.501266,0.69847125,-0.072633386,-0.0894537,0.61404055,-0.03538108,0.35507387,-0.5386796,-0.4536357,0.7274141,-0.4299344,-0.23632741,-0.5744022,-0.5999166,0.3880881,0.24144052,0.54966784,0.8519553,-0.53607726,0.19671714,-0.33649153,0.32877138,-0.8048259,0.030985892,0.81646436,-0.48228562,-0.375745,1.2404313,0.0069592,0.79941475,0.8931728,-0.37548077,0.32631314,-0.6883805,0.9837014,0.12640452,0.6209637,-0.82380795,0.30697456,-1.0006318
