data_1,data_2,data_3,data_4,data_5,data_6,data_7,data_8,data_9,data_10,data_11,data_12,data_13,data_14,data_15,data_16,data_17,data_18,data_19,data_20,data_21,data_22,data_23,data_24,data_25,data_26,data_27,data_28,data_29,data_30,data_31,data_32,data_33,data_34,data_35,data_36,data_37,data_38,data_39,data_40,data_41,data_42,data_43,data_44,data_45,data_46,data_47,data_48,data_49,data_50
-0.805203,0.010760991,0.49254113,0.12382932,-0.8186559,-0.3003471,0.15857975,0.86798674,-0.168406,0.053622894,0.8644656,-0.27703443,-0.14772582,0.9067874,-0.29471168,0.82219213,0.1690495,-0.44224074,-0.26160723,0.68167377,0.22212799,-0.9443834,-0.7458703,0.97989464,-0.61747044,0.01735564,0.7356621,0.36392245,0.6519192,-0.11338527,0.29284108,0.2523686,0.63815403,0.36014104,0.23291661,0.95983523,-0.24513671,0.46877623,-0.40634543,0.24675153,0.4230489,-0.7430506,-0.5307633,-0.019933136,0.8609365,0.13186246,-0.9801315,-0.37434778,0.34880108,-0.45818442
