data_1,data_2,data_3,data_4,data_5
0.767815,0.74147284,-0.8660306,0.68634766,-0.7078168
