data_1,data_2,data_3,data_4,data_5,data_6,data_7,data_8,data_9,data_10
0.711497,-0.33071655,0.7386334,-0.97993636,0.5915732,0.55018485,-0.024291448,-0.3458299,-0.95927787,-0.9895447
