data_1,data_2
0.1415009,-1.2687321
