parameter_1,parameter_2
0.21707824,-0.8317063
