data_1,data_2,data_3,data_4,data_5,data_6,data_7,data_8,data_9,data_10,data_11,data_12,data_13,data_14,data_15,data_16,data_17,data_18,data_19,data_20,data_21,data_22,data_23,data_24,data_25,data_26,data_27,data_28,data_29,data_30,data_31,data_32,data_33,data_34,data_35,data_36,data_37,data_38,data_39,data_40,data_41,data_42,data_43,data_44,data_45,data_46,data_47,data_48,data_49,data_50
-0.79472387,0.5008754,-0.005400233,-0.4363874,-0.17132694,0.8132114,0.5386017,-0.3142959,-0.46276036,0.86416227,0.8858692,0.07729589,0.625823,0.73391837,0.94795054,-0.25787818,0.17775427,-0.35082763,-0.86396044,0.568188,0.3950701,-0.86154866,-0.79142934,-0.6996165,-0.90258944,-0.17486435,0.25192496,-0.5153239,0.0042154435,0.6555613,-0.8678676,0.5167714,0.11135444,0.8158059,-0.062344976,0.6173665,-0.5879441,-0.33135843,-0.38371015,0.9233405,-0.6799148,0.6577542,-0.31053835,-0.8857094,0.48408493,-0.12854952,0.2338885,-0.8015189,0.87933487,0.08856423
