data_1,data_2,data_3,data_4,data_5,data_6,data_7,data_8,data_9,data_10,data_11,data_12,data_13,data_14,data_15,data_16,data_17,data_18,data_19,data_20,data_21,data_22,data_23,data_24,data_25,data_26,data_27,data_28,data_29,data_30,data_31,data_32,data_33,data_34,data_35,data_36,data_37,data_38,data_39,data_40,data_41,data_42,data_43,data_44,data_45,data_46,data_47,data_48,data_49,data_50
-1.0483018,-0.21982282,1.0711144,0.303429,0.8477731,-0.774646,0.81547356,0.02234563,-0.6118516,-0.7898053,0.10252601,-0.628587,0.12658137,0.3884048,-0.09694384,0.6132557,-0.95694345,-0.834478,0.6632978,0.30796054,-0.3518859,-0.6308064,0.89388496,0.6057797,-0.30007058,0.5124513,-0.09684094,-0.021062966,-0.53902453,0.2426705,-0.9476961,0.89140785,0.2238755,-0.4284547,0.22806102,0.86961514,0.87061584,-0.58488065,-0.6589356,-0.11809586,-0.032236498,0.8976641,0.59026134,0.24019441,0.4154569,0.7104617,-0.5996572,-0.89520377,-0.49969906,-0.7440253
