data_1,data_2,data_3,data_4,data_5
-0.54775167,0.05847603,-0.61551154,0.5022353,0.69614077
