data_1,data_2,data_3,data_4,data_5
-0.69139683,-0.33350495,0.61552006,0.77716076,-1.0032094
