data_1,data_2,data_3,data_4,data_5,data_6,data_7,data_8,data_9,data_10,data_11,data_12,data_13,data_14,data_15,data_16,data_17,data_18,data_19,data_20,data_21,data_22,data_23,data_24,data_25,data_26,data_27,data_28,data_29,data_30,data_31,data_32,data_33,data_34,data_35,data_36,data_37,data_38,data_39,data_40,data_41,data_42,data_43,data_44,data_45,data_46,data_47,data_48,data_49,data_50
0.7207892,0.047579512,-0.693009,1.255194,-0.7996924,0.83659434,-0.2298732,-0.6919616,0.63728106,0.6367361,0.8952901,0.5971077,-0.73789656,0.44224662,-0.5374863,0.24576914,0.022162043,-1.1399461,0.34846652,0.5083916,0.5328656,0.46966404,0.70462465,-0.3633426,0.4922136,-0.1354582,0.23263995,0.56967914,-1.202817,-0.14768653,1.3197036,-0.1980491,-0.6654791,-0.6271348,-0.57382435,-0.4128401,-0.69872534,-0.083578795,-0.28490567,-0.63008374,-0.6114261,-0.9549128,0.0036414713,0.30188465,-0.3206892,-0.1325868,0.25371346,0.8568538,-0.09163134,-0.17526841
