parameter_1,parameter_2,parameter_3,parameter_4,parameter_5,parameter_6,parameter_7,parameter_8,parameter_9,parameter_10,parameter_11,parameter_12,parameter_13,parameter_14,parameter_15,parameter_16,parameter_17,parameter_18,parameter_19,parameter_20,parameter_21,parameter_22,parameter_23,parameter_24,parameter_25,parameter_26,parameter_27,parameter_28,parameter_29,parameter_30,parameter_31,parameter_32,parameter_33,parameter_34,parameter_35,parameter_36,parameter_37,parameter_38,parameter_39,parameter_40,parameter_41,parameter_42,parameter_43,parameter_44,parameter_45,parameter_46,parameter_47,parameter_48,parameter_49,parameter_50
0.6775234,0.013154268,-0.5788579,0.61971605,-0.6461849,0.5230421,-0.0032577515,-0.6397122,0.76371455,0.766533,0.918524,0.5365317,-0.27053595,0.4937259,-0.4102893,0.85103285,0.087362766,-0.85255444,0.36585653,0.53816164,0.33663356,0.34924376,0.80770016,-0.7534063,0.5026647,-0.34789217,0.1627891,0.8805951,-0.9535557,-0.38009953,0.7391473,-0.28614473,-0.8558959,-0.86935246,-0.93775463,-0.49674463,-0.5826498,-0.2088499,-0.5651132,-0.38103938,-0.31326115,-0.80417216,-0.11174786,0.662725,-0.1295098,0.14519858,0.049405098,0.6341617,-0.16790557,0.30493915
