data_1,data_2,data_3,data_4,data_5
-0.28671777,-0.898099,0.7051192,-0.7251892,-0.96320546
