data_1,data_2,data_3,data_4,data_5
0.75081325,0.00013026595,-0.6049863,0.63077986,-0.6164196
