data_1,data_2,data_3,data_4,data_5
0.71777266,-1.0041076,0.31668752,-0.30979183,-0.73013824
