data_1,data_2,data_3,data_4,data_5
-0.62794733,0.016541738,-0.47144172,0.59406066,0.7431505
