data_1,data_2,data_3,data_4,data_5,data_6,data_7,data_8,data_9,data_10
0.8952352,0.7206325,-0.9566193,0.7186774,-0.67620456,0.38433558,0.5787715,0.65485513,0.16152802,0.38955742
