data_1,data_2,data_3,data_4,data_5,data_6,data_7,data_8
0.14472799,2.453219,0.26465264,1.4096737,-0.14853373,1.9944688,0.6487669,1.6064426
