parameter_1,parameter_2,parameter_3,parameter_4,parameter_5
0.36278084,1.659822,-0.5815718,-0.78438044,-0.20197491
