data_1,data_2,data_3,data_4,data_5
-0.52853245,1.1106327,0.5767333,0.09259041,-1.5518937
