data_1,data_2,data_3,data_4,data_5
-0.616252,0.83839214,0.12087822,-0.09322961,-0.87139285
