data_1,data_2,data_3,data_4,data_5,data_6,data_7,data_8,data_9,data_10
-0.64383745,0.77343327,0.1664404,-0.036393426,-0.7627495,0.75476986,-0.7442088,0.16778722,-0.047200322,0.39856833
