data_1,data_2
0.44373554,0.63410914
