parameter_1,parameter_2
0.27184236,0.6762953
