data_1,data_2,data_3,data_4,data_5,data_6,data_7,data_8,data_9,data_10
0.899953,0.724277,-0.94283575,0.70901614,-0.668102,0.3731836,0.53592145,0.6331244,0.16072164,0.36314353
