data_1,data_2,data_3,data_4,data_5,data_6,data_7,data_8,data_9,data_10
-0.25818565,-0.830326,0.95707566,-0.6248287,-0.94468045,0.15891969,0.33810136,0.008693896,-0.5077802,0.45527416
