data_1,data_2,data_3,data_4,data_5
0.040815435,-0.20603952,-0.9498837,0.2665459,0.73186064
