parameter_1,parameter_2,parameter_3,parameter_4,parameter_5
-0.11919082,-0.46535635,-0.80274117,0.47296685,0.44567764
