data_1,data_2,data_3,data_4,data_5,data_6,data_7,data_8,data_9,data_10,data_11,data_12,data_13,data_14,data_15,data_16,data_17,data_18,data_19,data_20,data_21,data_22,data_23,data_24,data_25
-0.52686524,0.0627659,0.08567087,-0.3342201,-0.4670208,0.7753894,1.0545161,-0.09527898,-0.641608,1.0604482,1.4924364,0.27485874,1.110181,0.36383057,0.5477124,-0.56226075,-0.1424801,-0.36183155,-1.0491257,0.5367132,0.7197013,-0.77123016,-0.69896424,-0.39918077,-1.4242752
