parameter_1,parameter_2,parameter_3,parameter_4,parameter_5,parameter_6,parameter_7,parameter_8,parameter_9,parameter_10,parameter_11,parameter_12,parameter_13,parameter_14,parameter_15,parameter_16,parameter_17,parameter_18,parameter_19,parameter_20,parameter_21,parameter_22,parameter_23,parameter_24,parameter_25
-0.7995198,0.49675143,-0.0035431385,-0.43815613,-0.16744614,0.81618166,0.5373577,-0.31165457,-0.46446574,0.86274874,0.8849535,0.07453048,0.62580264,0.73233354,0.9515214,-0.25534797,0.17841983,-0.35109854,-0.8671522,0.565048,0.401183,-0.866366,-0.7971597,-0.69651175,-0.90624607
