data_1,data_2,data_3,data_4,data_5,data_6,data_7,data_8,data_9,data_10,data_11,data_12,data_13,data_14,data_15,data_16,data_17,data_18,data_19,data_20,data_21,data_22,data_23,data_24,data_25
-1.0598538,-0.4738469,1.2598956,0.6690878,1.2547352,-0.7057884,0.05626756,-0.38716903,-0.07634598,-1.4726405,0.050664168,-0.8855827,0.50399494,0.5861722,-0.08242643,0.8876823,-1.2217512,-0.3284245,0.57490027,0.43504244,-0.17717734,-0.7891141,1.2437447,0.41769123,-0.42382598
