parameter_1,parameter_2,parameter_3,parameter_4,parameter_5,parameter_6,parameter_7,parameter_8,parameter_9,parameter_10,parameter_11,parameter_12,parameter_13,parameter_14,parameter_15,parameter_16,parameter_17,parameter_18,parameter_19,parameter_20,parameter_21,parameter_22,parameter_23,parameter_24,parameter_25
-0.95270705,-0.14817107,0.9824493,0.41320384,0.99042416,-0.74023414,0.7862458,0.043799043,-0.6261761,-0.76511395,-0.008534074,-0.8211571,0.14869905,0.4050119,0.08725786,0.6278852,-0.9189153,-0.70523584,0.5915127,0.27242577,-0.25609124,-0.62427926,0.98847497,0.62684774,-0.38176572
