data_1,data_2,data_3,data_4,data_5
-0.59272784,0.866762,0.24276042,-0.005254805,-0.9072221
