data_1,data_2,data_3,data_4,data_5,data_6,data_7,data_8
0.54318047,-0.79695666,0.4309682,-0.56710315,0.6046165,-1.1534503,0.505052,-0.8069359
