parameter_1,parameter_2,parameter_3,parameter_4,parameter_5
0.590037,-0.8799082,-0.28996068,0.4468884,-0.09553514
