data_1,data_2,data_3,data_4,data_5,data_6,data_7,data_8,data_9,data_10
-0.62158865,0.8238951,0.11203691,-0.09300722,-0.84052867,0.7955647,-0.6914126,0.09631866,0.037098505,0.50371754
