data_1,data_2,data_3,data_4,data_5,data_6,data_7,data_8,data_9,data_10
-0.82137233,-0.17678037,0.9308371,0.48515844,0.80882657,-0.5369741,0.8947068,0.011473615,-0.7350775,-0.82115847
