data_1,data_2,data_3,data_4,data_5,data_6,data_7,data_8,data_9,data_10
-0.8164115,0.030256953,0.4934544,0.09568242,-0.7713375,-0.23575345,0.22748956,0.928072,-0.12575749,-0.006487429
