data_1,data_2,data_3
0.5396818,0.031567756,-0.68793094
