parameter_1,parameter_2,parameter_3
0.6775234,0.013154268,-0.5788579
