data_1,data_2,data_3,data_4,data_5,data_6,data_7,data_8,data_9,data_10
-0.19156308,-0.7316831,0.9646502,-0.63617957,-1.0097246,0.092749186,0.34119958,-0.03297135,-0.36462736,0.64367604
