data_1,data_2,data_3,data_4
1.1067768,-0.76453966,-0.17253593,-0.33163092
