parameter_1,parameter_2,parameter_3,parameter_4
0.72652316,-0.9946897,0.32040286,-0.3200866
