data_1,data_2
-0.1753576,-1.1417949
