data_1,data_2,data_3
-0.7766764,0.12328143,-0.31010062
