parameter_1,parameter_2,parameter_3
-0.6377127,0.0018655062,-0.47496068
