data_1,data_2,data_3,data_4,data_5
-0.6266994,0.011960562,-0.48852247,0.5724532,0.74674594
