data_1,data_2,data_3,data_4,data_5,data_6,data_7,data_8,data_9,data_10,data_11,data_12,data_13,data_14,data_15,data_16,data_17,data_18,data_19,data_20,data_21,data_22,data_23,data_24,data_25,data_26,data_27,data_28,data_29,data_30,data_31,data_32,data_33,data_34,data_35,data_36,data_37,data_38,data_39,data_40,data_41,data_42,data_43,data_44,data_45,data_46,data_47,data_48,data_49,data_50
-0.9630011,-0.1402575,0.9834587,0.42833808,0.9866045,-0.75712216,0.7950477,0.036931798,-0.63413894,-0.77749884,-0.01865245,-0.8142915,0.14395168,0.4002933,0.07235929,0.63201725,-0.91180366,-0.6912345,0.5851592,0.2313764,-0.2656306,-0.6527328,0.99299455,0.66344327,-0.39000145,0.5857242,-0.08496923,-0.060779024,-0.36189798,0.24630593,-0.9671705,0.91085684,0.2402257,-0.42436895,0.09123846,0.7647688,0.8811955,-0.68732667,-0.693835,-0.11685828,-0.031616293,0.8117189,0.5661841,0.31275463,0.42375663,0.7305809,-0.7060271,-0.92709494,-0.6246406,-0.67473775
