data_1,data_2,data_3
0.7188942,0.18122426,1.2430937
