data_1,data_2,data_3,data_4,data_5,data_6,data_7,data_8,data_9,data_10,data_11,data_12,data_13,data_14,data_15,data_16,data_17,data_18,data_19,data_20,data_21,data_22,data_23,data_24,data_25,data_26,data_27,data_28,data_29,data_30,data_31,data_32,data_33,data_34,data_35,data_36,data_37,data_38,data_39,data_40,data_41,data_42,data_43,data_44,data_45,data_46,data_47,data_48,data_49,data_50,data_51,data_52,data_53,data_54,data_55,data_56,data_57,data_58,data_59,data_60,data_61,data_62,data_63,data_64,data_65,data_66,data_67,data_68,data_69,data_70,data_71,data_72,data_73,data_74,data_75,data_76,data_77,data_78,data_79,data_80,data_81,data_82,data_83,data_84,data_85,data_86,data_87,data_88,data_89,data_90,data_91,data_92,data_93,data_94,data_95,data_96,data_97,data_98,data_99,data_100
0.7239268,-0.3281441,0.75293434,-0.99242693,0.58311415,0.5557481,-0.020077124,-0.34250265,-0.9470738,-0.98891854,0.91737616,0.3994096,-0.5555387,-0.3377243,-0.33787563,-0.6938399,0.4362819,0.7581719,0.2320601,0.9534172,-0.83374596,0.5507052,0.9702508,0.50550145,-0.81476444,-0.48049238,-0.2899436,-0.12839244,-0.3766047,-0.44500983,0.25322506,-0.48370117,0.8953665,0.5525734,0.26136127,-0.99425256,0.84639966,0.96106607,0.31513456,-0.05457154,0.30762762,-0.7346673,0.5479353,0.74206847,-0.97276044,-0.56929314,0.22559035,-0.005513002,-0.5305665,-0.737963,0.3087292,0.030654076,0.38159773,-0.46749562,-0.27656043,0.9137885,0.43446037,0.75787234,-0.9333253,0.48611945,0.4010451,0.07147513,0.6257912,-0.777663,0.15398027,0.60701543,-0.94289243,-0.9504528,0.52514243,0.43380556,-0.6252129,-0.37849483,0.030435879,-0.9917788,-0.374792,0.5859834,0.85238016,0.45143586,-0.7092514,-0.36598778,0.2343596,0.5154182,-0.40226364,0.16379428,0.9452546,-0.95103323,-0.5558118,0.17561115,-0.26740226,-0.5925424,0.8191823,-0.42615202,0.08172281,-0.4403191,0.68563926,-0.77911174,-0.24085318,0.39304996,0.9811277,-0.78632855
