data_1,data_2,data_3,data_4,data_5,data_6,data_7,data_8
0.4156844,-2.6607456,0.41350317,-2.3623414,0.35395807,-1.0521295,0.39363006,-2.9185772
