parameter_1,parameter_2,parameter_3,parameter_4,parameter_5
0.39632884,-1.5184809,-0.13798471,-0.79789627,-0.2633083
