data_1,data_2,data_3,data_4,data_5
-0.28652287,-0.9245898,0.76265085,-0.5863469,-0.8522907
