data_1,data_2,data_3,data_4,data_5
0.751557,-0.3075504,0.7564801,-0.9837237,0.5855179
