data_1,data_2,data_3,data_4,data_5,data_6,data_7,data_8,data_9,data_10,data_11,data_12,data_13,data_14,data_15,data_16,data_17,data_18,data_19,data_20,data_21,data_22,data_23,data_24,data_25,data_26,data_27,data_28,data_29,data_30,data_31,data_32,data_33,data_34,data_35,data_36,data_37,data_38,data_39,data_40,data_41,data_42,data_43,data_44,data_45,data_46,data_47,data_48,data_49,data_50,data_51,data_52,data_53,data_54,data_55,data_56,data_57,data_58,data_59,data_60,data_61,data_62,data_63,data_64,data_65,data_66,data_67,data_68,data_69,data_70,data_71,data_72,data_73,data_74,data_75,data_76,data_77,data_78,data_79,data_80,data_81,data_82,data_83,data_84,data_85,data_86,data_87,data_88,data_89,data_90,data_91,data_92,data_93,data_94,data_95,data_96,data_97,data_98,data_99,data_100
0.89920086,0.72241735,-0.96786624,0.727291,-0.6800013,0.36973426,0.582197,0.65560836,0.15927379,0.40766585,-0.947005,0.7393594,0.0074405656,0.37198123,-0.024187833,0.37190837,0.066470675,-0.6990844,-0.4753071,-0.9030199,0.5392754,-0.5837719,0.642737,0.9266339,0.68009335,-0.043908197,0.6879062,-0.08693935,-0.8119764,-0.31451276,0.40108824,0.34611642,0.8240458,0.6484348,0.59850615,-0.91537744,-0.23122874,0.9436208,0.42381012,0.21551575,0.3396533,-0.3789029,0.9890919,-0.49145776,0.3676049,-0.349521,-0.052112583,0.5325573,0.69371855,-0.77970433,-0.42497122,0.89130425,-0.75038666,0.7535577,0.66406995,-0.01762107,-0.38210064,0.2964996,-0.09374222,-0.5655065,-0.8722046,0.08207939,0.15691431,-0.25818458,0.34525958,-0.43152136,0.22401363,-0.45063862,-0.18451431,0.5933142,-0.62941843,-0.19102834,-0.6745086,-0.61496586,0.62220806,0.036215864,0.37153694,0.52454513,-0.1932928,0.28278935,-0.9038119,-0.033485826,-0.9605905,-0.18651752,0.45570123,0.116535224,-0.4663462,0.80336714,0.4173772,0.6544265,0.8650762,-0.46531582,0.094217904,-0.8867804,0.84077495,0.075332075,0.5574279,-0.61155874,0.54210716,-0.92
