data_1,data_2,data_3
0.066399395,0.76124114,1.3627808
