data_1,data_2,data_3
0.6006592,0.022379803,0.89955467
