parameter_1,parameter_2,parameter_3
0.35550153,0.062027037,0.9767863
