data_1,data_2,data_3,data_4
-0.877919,-0.42538512,0.34956384,0.44391534
