data_1,data_2,data_3,data_4,data_5
0.2961326,0.43373603,0.007503718,-0.17813833,-0.5519345
