parameter_1,parameter_2,parameter_3,parameter_4,parameter_5
0.27184236,0.6762953,0.17189318,-0.04218617,-0.82151634
