data_1,data_2,data_3,data_4,data_5
0.81351507,0.11886808,1.156317,-0.96400946,0.4755962
