data_1,data_2,data_3,data_4,data_5
-0.8010659,0.51341254,-0.011561645,-0.43560606,-0.1424049
