data_1,data_2,data_3,data_4,data_5,data_6,data_7,data_8,data_9,data_10,data_11,data_12,data_13,data_14,data_15,data_16,data_17,data_18,data_19,data_20,data_21,data_22,data_23,data_24,data_25
0.9351196,0.42253155,-0.5865361,0.63731605,-0.86202,0.65269744,-0.111744136,-0.707412,0.87580913,0.80979884,0.9529493,0.42238057,0.364942,0.34021842,-0.09673706,0.6244174,0.03511337,-0.97898793,0.23605962,0.5149277,0.39720958,-0.118116826,0.7562209,-0.8806033,-0.102599025
