parameter_1,parameter_2,parameter_3,parameter_4,parameter_5,parameter_6,parameter_7,parameter_8,parameter_9,parameter_10,parameter_11,parameter_12,parameter_13,parameter_14,parameter_15,parameter_16,parameter_17,parameter_18,parameter_19,parameter_20,parameter_21,parameter_22,parameter_23,parameter_24,parameter_25
0.6775234,0.013154268,-0.5788579,0.61971605,-0.6461849,0.5230421,-0.0032577515,-0.6397122,0.76371455,0.766533,0.918524,0.5365317,-0.27053595,0.4937259,-0.4102893,0.85103285,0.087362766,-0.85255444,0.36585653,0.53816164,0.33663356,0.34924376,0.80770016,-0.7534063,0.5026647
