data_1,data_2,data_3,data_4,data_5,data_6,data_7,data_8,data_9,data_10
0.70235115,-1.0750018,0.39056206,-0.16084678,-0.7227104,0.840455,-0.013923973,0.11413443,-0.66047496,-0.50503314
