data_1,data_2,data_3,data_4,data_5
-0.32890487,0.46596873,-0.36368123,0.52158713,0.8139955
