data_1,data_2,data_3,data_4,data_5
-0.32444715,0.5740012,0.050177578,0.2763368,-0.013322428
