parameter_1,parameter_2,parameter_3,parameter_4,parameter_5
-0.15898985,-0.08629426,-0.021514494,0.28765088,-0.15135133
