data_1,data_2,data_3,data_4
0.30873305,0.21827298,0.850392,-0.53838396
