parameter_1,parameter_2,parameter_3,parameter_4
0.73016036,-0.3217839,0.7436297,-0.98562
