data_1,data_2
0.5939618,0.087049335
