parameter_1,parameter_2
0.21370807,-0.14310072
