data_1,data_2,data_3,data_4,data_5,data_6,data_7,data_8,data_9,data_10
-0.9141247,0.4674685,0.051043775,-0.5865918,-0.30105364,0.78948194,0.57381964,-0.4014939,-0.4560722,0.8627797
