data_1,data_2,data_3,data_4,data_5,data_6,data_7,data_8,data_9,data_10,data_11,data_12,data_13,data_14,data_15,data_16,data_17,data_18,data_19,data_20,data_21,data_22,data_23,data_24,data_25,data_26,data_27,data_28,data_29,data_30,data_31,data_32,data_33,data_34,data_35,data_36,data_37,data_38,data_39,data_40,data_41,data_42,data_43,data_44,data_45,data_46,data_47,data_48,data_49,data_50,data_51,data_52,data_53,data_54,data_55,data_56,data_57,data_58,data_59,data_60,data_61,data_62,data_63,data_64,data_65,data_66,data_67,data_68,data_69,data_70,data_71,data_72,data_73,data_74,data_75,data_76,data_77,data_78,data_79,data_80,data_81,data_82,data_83,data_84,data_85,data_86,data_87,data_88,data_89,data_90,data_91,data_92,data_93,data_94,data_95,data_96,data_97,data_98,data_99,data_100
-0.79662454,0.5003502,-0.007821285,-0.43614972,-0.16431281,0.8154238,0.5364167,-0.31203142,-0.4652594,0.85976136,0.882889,0.071962565,0.6261675,0.7345161,0.95392424,-0.25539613,0.1786042,-0.35549545,-0.8663665,0.5602366,0.40166706,-0.8664615,-0.7953792,-0.69941396,-0.9050817,-0.17683898,0.2496472,-0.51340735,0.0013428167,0.65532,-0.8733696,0.51513004,0.110568956,0.81628263,-0.062080666,0.62070197,-0.5883963,-0.3357938,-0.39049804,0.92268324,-0.6828812,0.65889305,-0.30390266,-0.88262385,0.48476985,-0.125049,0.23901814,-0.8052705,0.87485087,0.09575267,-0.6444966,0.732255,-0.6279644,0.6260465,0.030051686,0.159234,0.20249525,0.68645436,0.9829795,0.903163,0.9574035,-0.81649125,-0.076020695,-0.07456773,-0.24698137,0.3228502,-0.9155444,-0.42109758,-0.45984268,-0.05247212,0.85450053,-0.6734121,-0.320881,0.85115635,-0.7346543,-0.87660784,-0.5476304,-0.49457133,0.10097208,0.25490677,0.34548548,-0.06726296,-0.41177464,-0.18436013,-0.5208531,0.92775273,0.19591554,-0.76061994,0.96309876,0.41369766,0.6328479,0.14967918,0.5745687,-0.8561279,-0.12918758,-0.48374093,-0.19958152,0.1490113,-0.46831784,0.88797736
