data_1,data_2,data_3,data_4,data_5
-0.804409,0.5494385,-0.028899886,-0.43009216,-0.08825879
