data_1,data_2,data_3,data_4,data_5,data_6,data_7,data_8,data_9,data_10
-0.9111754,-0.15721813,0.9661281,0.43595788,0.93299794,-0.6759577,0.8205442,0.033576846,-0.6606138,-0.7828368
