data_1,data_2,data_3,data_4,data_5,data_6,data_7,data_8,data_9,data_10,data_11,data_12,data_13,data_14,data_15,data_16,data_17,data_18,data_19,data_20,data_21,data_22,data_23,data_24,data_25,data_26,data_27,data_28,data_29,data_30,data_31,data_32,data_33,data_34,data_35,data_36,data_37,data_38,data_39,data_40,data_41,data_42,data_43,data_44,data_45,data_46,data_47,data_48,data_49,data_50
-0.62138224,0.8299535,0.107494414,-0.09933003,-0.8513641,0.80206335,-0.685469,0.08948724,0.04740842,0.51437086,0.42356446,-0.06905846,-0.2072311,-0.36071154,-0.7172158,-0.76511425,0.33048603,0.6383142,0.23059519,-0.82816243,0.59322476,0.1455563,-0.6627237,0.08708849,-0.40324962,0.1597308,0.16125621,-0.47495365,-0.8324711,-0.4970923,0.7328644,0.57368344,-0.1078937,0.4565753,0.43945497,-0.86648005,-0.123657495,-0.683417,0.16836572,0.41667968,-0.96331483,0.1496181,-0.24472395,-0.6793098,0.8208225,-0.7689044,0.19457707,-0.44025603,-0.72484326,-0.421103
