data_1,data_2,data_3,data_4,data_5,data_6,data_7,data_8,data_9,data_10,data_11,data_12,data_13,data_14,data_15,data_16,data_17,data_18,data_19,data_20,data_21,data_22,data_23,data_24,data_25,data_26,data_27,data_28,data_29,data_30,data_31,data_32,data_33,data_34,data_35,data_36,data_37,data_38,data_39,data_40,data_41,data_42,data_43,data_44,data_45,data_46,data_47,data_48,data_49,data_50,data_51,data_52,data_53,data_54,data_55,data_56,data_57,data_58,data_59,data_60,data_61,data_62,data_63,data_64,data_65,data_66,data_67,data_68,data_69,data_70,data_71,data_72,data_73,data_74,data_75
-1.3487344,0.06839439,0.8596247,0.79644597,0.6525477,-1.0215311,0.9493878,-0.25325936,-0.9703524,-0.974565,-0.45577756,-0.78192896,-0.2706794,0.37013847,0.0016210601,0.30318543,-1.2038316,-0.7734484,0.47703418,0.46201837,0.20050412,-0.55336183,1.022045,0.18471801,-0.13573149,1.0476444,0.28636295,-0.16285898,-0.9415535,-0.191248,-1.2665542,0.79513013,0.27607527,0.07785046,0.48359448,0.5360238,1.0112916,-0.9515028,-1.2588677,-0.3224057,0.5185202,0.69354403,0.61533046,-0.13761938,0.44086266,0.27650762,-0.40056166,-0.82383126,-0.555302,-0.38462976,0.7738042,-1.1549361,-0.65559036,-0.42176542,-0.19893304,-0.27392918,-0.096833855,-0.33242956,0.181077,1.4390767,-0.78063285,-0.9418462,1.0290266,-0.37194845,0.78383535,-0.10642791,-0.05997625,-0.011904582,0.4155646,0.2917021,-0.5352421,0.17617819,0.4430462,1.1439784,0.9403475
