parameter_1,parameter_2,parameter_3,parameter_4,parameter_5,parameter_6,parameter_7,parameter_8,parameter_9,parameter_10,parameter_11,parameter_12,parameter_13,parameter_14,parameter_15,parameter_16,parameter_17,parameter_18,parameter_19,parameter_20,parameter_21,parameter_22,parameter_23,parameter_24,parameter_25,parameter_26,parameter_27,parameter_28,parameter_29,parameter_30,parameter_31,parameter_32,parameter_33,parameter_34,parameter_35,parameter_36,parameter_37,parameter_38,parameter_39,parameter_40,parameter_41,parameter_42,parameter_43,parameter_44,parameter_45,parameter_46,parameter_47,parameter_48,parameter_49,parameter_50,parameter_51,parameter_52,parameter_53,parameter_54,parameter_55,parameter_56,parameter_57,parameter_58,parameter_59,parameter_60,parameter_61,parameter_62,parameter_63,parameter_64,parameter_65,parameter_66,parameter_67,parameter_68,parameter_69,parameter_70,parameter_71,parameter_72,parameter_73,parameter_74,parameter_75
-0.95270705,-0.14817107,0.9824493,0.41320384,0.99042416,-0.74023414,0.7862458,0.043799043,-0.6261761,-0.76511395,-0.008534074,-0.8211571,0.14869905,0.4050119,0.08725786,0.6278852,-0.9189153,-0.70523584,0.5915127,0.27242577,-0.25609124,-0.62427926,0.98847497,0.62684774,-0.38176572,0.5834799,-0.106088996,-0.03799975,-0.36808872,0.24820018,-0.9601189,0.9140029,0.23407733,-0.438738,0.1048646,0.7777839,0.87891436,-0.70383763,-0.6826023,-0.12803853,-0.05766189,0.8089924,0.56095076,0.3181094,0.42472076,0.7230824,-0.72133505,-0.9090295,-0.64532685,-0.7071947,0.91952074,-0.962551,-0.7163037,-0.03131461,-0.48171353,-0.25028336,-0.14676201,-0.25326717,-0.15577042,0.9129145,-0.3799305,-0.9304303,0.765008,-0.31326115,0.78424037,0.043928385,-0.40427375,0.22092283,0.38769722,0.7578118,-0.47387064,-0.12768805,0.5663657,0.6687678,0.61536
