data_1,data_2,data_3,data_4,data_5,data_6,data_7,data_8,data_9,data_10
-0.82019556,0.49119565,-0.00426825,-0.43220082,-0.17347036,0.8121083,0.5333358,-0.3161581,-0.479956,0.87670004
