data_1,data_2,data_3,data_4,data_5,data_6,data_7,data_8,data_9,data_10,data_11,data_12,data_13,data_14,data_15,data_16,data_17,data_18,data_19,data_20,data_21,data_22,data_23,data_24,data_25,data_26,data_27,data_28,data_29,data_30,data_31,data_32,data_33,data_34,data_35,data_36,data_37,data_38,data_39,data_40,data_41,data_42,data_43,data_44,data_45,data_46,data_47,data_48,data_49,data_50,data_51,data_52,data_53,data_54,data_55,data_56,data_57,data_58,data_59,data_60,data_61,data_62,data_63,data_64,data_65,data_66,data_67,data_68,data_69,data_70,data_71,data_72,data_73,data_74,data_75,data_76,data_77,data_78,data_79,data_80,data_81,data_82,data_83,data_84,data_85,data_86,data_87,data_88,data_89,data_90,data_91,data_92,data_93,data_94,data_95,data_96,data_97,data_98,data_99,data_100
-0.49892426,-0.07130336,-1.1374965,0.56237614,0.7328288,0.76247394,0.17165866,1.0539501,-0.10163742,1.2686973,-0.5127437,-0.12679638,0.21352372,0.81184214,-1.3568206,0.22126697,0.063525096,-0.33368552,0.66010106,0.24821989,0.960229,0.42988777,0.117258966,-0.09002668,1.0863861,-1.0069169,0.28418076,-0.61067057,-0.6858731,-0.3444468,0.99599385,0.05375719,0.12866154,0.09843783,-0.0733732,0.8092873,-0.027255815,0.9350351,0.96633947,-0.5234596,-0.2466166,-1.1832373,0.21931061,0.6026195,-0.6737665,0.6747792,0.5239763,0.25256148,-0.91853744,-0.3836248,-1.1340263,-0.60996616,0.71158755,-0.7309768,-0.6829673,0.8392898,-1.1342434,0.49485475,-0.36135733,0.1700803,-0.4311976,0.49713546,0.22498697,0.07086649,-0.083637714,-0.5406455,0.47747162,-0.09000872,-1.5829061,0.35183147,-0.5363726,0.40470374,-0.7697153,0.6695343,0.40041757,-0.4923457,-0.26847145,-0.5662292,-0.3127623,-1.5054762,-0.8961966,-0.56155574,-1.0409437,1.19753,-1.1674011,-0.9764426,0.033387005,0.70131195,-0.9436353,0.3041289,0.07309813,-0.83741105,-0.35030004,0.12842426,0.35466182,0.33270293,-1.017933,-0.3370123,-0.08297947,0.98533636
