data_1,data_2,data_3,data_4,data_5,data_6,data_7,data_8,data_9,data_10,data_11,data_12,data_13,data_14,data_15,data_16,data_17,data_18,data_19,data_20,data_21,data_22,data_23,data_24,data_25,data_26,data_27,data_28,data_29,data_30,data_31,data_32,data_33,data_34,data_35,data_36,data_37,data_38,data_39,data_40,data_41,data_42,data_43,data_44,data_45,data_46,data_47,data_48,data_49,data_50,data_51,data_52,data_53,data_54,data_55,data_56,data_57,data_58,data_59,data_60,data_61,data_62,data_63,data_64,data_65,data_66,data_67,data_68,data_69,data_70,data_71,data_72,data_73,data_74,data_75
-1.6897167,0.18692024,0.69575006,-0.09170979,-0.53719246,0.08671364,0.29760206,1.025836,0.18870097,0.10923328,0.6243601,0.009735882,-0.4212695,1.3021488,-0.101457074,0.5232221,0.06167972,-0.7240125,-0.4477774,0.921099,1.0180488,-0.7093079,-0.70821357,1.1185743,-0.5271603,0.046151202,0.44481325,0.21651854,1.1566192,0.22475863,-0.085054725,-0.495143,0.19899699,0.3096881,-0.09949386,1.1382884,-0.16667822,-0.19448835,-0.0664472,0.5065677,0.45129395,-0.99703795,-0.29210913,0.2108337,0.5078562,-0.2324484,-0.7783161,-0.8845828,0.5168537,-0.4771568,-0.026131094,-0.32781863,0.8888148,-1.0431757,0.043165624,-0.17183411,0.17141038,0.8883048,-0.6011602,0.73579717,-0.022130594,-0.47571775,1.2477584,-0.030349761,-0.94095784,0.29251167,-0.08361372,1.0497165,-1.0487467,-0.74638563,-0.80496633,0.78267366,-0.31156114,0.9452313,0.47095266
