data_1,data_2,data_3,data_4,data_5,data_6,data_7,data_8,data_9,data_10
0.68781435,-1.0246447,0.37884095,-0.2682234,-0.71365726,0.82264704,-0.09111304,0.104007214,-0.6399291,-0.40659657
