data_1,data_2,data_3,data_4,data_5,data_6,data_7,data_8,data_9,data_10,data_11,data_12,data_13,data_14,data_15,data_16,data_17,data_18,data_19,data_20,data_21,data_22,data_23,data_24,data_25,data_26,data_27,data_28,data_29,data_30,data_31,data_32,data_33,data_34,data_35,data_36,data_37,data_38,data_39,data_40,data_41,data_42,data_43,data_44,data_45,data_46,data_47,data_48,data_49,data_50,data_51,data_52,data_53,data_54,data_55,data_56,data_57,data_58,data_59,data_60,data_61,data_62,data_63,data_64,data_65,data_66,data_67,data_68,data_69,data_70,data_71,data_72,data_73,data_74,data_75,data_76,data_77,data_78,data_79,data_80,data_81,data_82,data_83,data_84,data_85,data_86,data_87,data_88,data_89,data_90,data_91,data_92,data_93,data_94,data_95,data_96,data_97,data_98,data_99,data_100
0.68554974,0.02128241,-0.5917511,0.6217618,-0.6368439,0.51613206,-0.007215443,-0.6373709,0.7476303,0.78486335,0.93878573,0.5309138,-0.27090737,0.49908766,-0.41875184,0.85293096,0.09541685,-0.8585944,0.37583005,0.5289021,0.32296303,0.35672095,0.81273276,-0.7659589,0.5152725,-0.36384794,0.16706355,0.8881376,-0.9620984,-0.36043972,0.73496586,-0.30257404,-0.8580371,-0.8708852,-0.93412435,-0.495002,-0.5899949,-0.2088402,-0.56437063,-0.38535762,-0.30812293,-0.82845926,-0.11547196,0.64445704,-0.13459964,0.10851672,0.050774645,0.64721274,-0.1587237,0.3099346,-0.8296944,-0.8297511,-0.8655096,0.74760413,0.3962689,-0.23329695,-0.4313178,0.676347,0.6008521,0.5885839,0.049808603,-0.964041,0.40781164,0.9448046,0.17304598,0.48404586,-0.94732386,-0.055981122,-0.9353236,-0.24209033,-0.21356189,-0.4196467,0.63459784,0.09966427,0.047715943,-0.1930378,-0.42274478,0.4467481,0.70657617,-0.6464146,-0.44221458,-0.92533356,-0.1049424,0.81468135,-0.20719661,0.52784574,0.3644853,-0.55994046,-0.44800007,-0.115253955,0.663683,-0.6187697,-0.07702928,-0.081853636,-0.1544774,-0.9227015,0.24916413,0.9443039,0.95441574,0.90842235
