data_1,data_2
0.5466062,-0.2871431
