data_1,data_2,data_3,data_4,data_5,data_6,data_7,data_8
-0.5038223,0.11073045,0.3307762,0.023200642,-0.24445812,0.15225443,-0.09890723,0.067637056
