parameter_1,parameter_2,parameter_3,parameter_4,parameter_5
-0.25182533,0.083313815,0.9700138,-0.22741833,0.31356072
