data_1,data_2,data_3,data_4,data_5,data_6,data_7,data_8,data_9,data_10
-0.9395736,-0.151032,0.97728807,0.4203993,0.9722644,-0.7199081,0.7970919,0.0405665,-0.63706625,-0.7707184
