data_1,data_2,data_3,data_4,data_5,data_6,data_7,data_8,data_9,data_10
-0.63419056,0.00612625,-0.4813554,0.60616654,0.7381892,0.7829141,0.4258818,0.92650926,0.47509524,0.72652024
