data_1,data_2,data_3,data_4,data_5,data_6,data_7,data_8,data_9,data_10,data_11,data_12,data_13,data_14,data_15,data_16,data_17,data_18,data_19,data_20,data_21,data_22,data_23,data_24,data_25,data_26,data_27,data_28,data_29,data_30,data_31,data_32,data_33,data_34,data_35,data_36,data_37,data_38,data_39,data_40,data_41,data_42,data_43,data_44,data_45,data_46,data_47,data_48,data_49,data_50
1.004427,-1.4940438,0.6224094,-0.78777444,-0.57047474,0.86678,-0.2845842,0.093204774,-0.47951287,-0.8060514,0.04808235,-0.7129847,-0.61615896,-0.31665593,0.04786372,0.7082742,0.30849248,0.1617499,-0.021682624,-0.0028990805,0.69606817,-1.2536632,-0.32654962,0.006941825,0.51985425,-0.16917397,-0.7259732,-0.97305804,-0.3759931,-0.31280568,0.6022809,0.19500782,-0.7209325,0.92989993,0.47870457,-0.17813519,-0.97024333,-0.20602944,1.2093472,-0.44750097,-0.54462385,0.7502728,0.004907429,0.32433477,-0.20369685,0.35074383,-0.17779024,-0.5934729,1.0661855,0.21661803
