data_1,data_2,data_3,data_4,data_5,data_6,data_7,data_8,data_9,data_10,data_11,data_12,data_13,data_14,data_15,data_16,data_17,data_18,data_19,data_20,data_21,data_22,data_23,data_24,data_25,data_26,data_27,data_28,data_29,data_30,data_31,data_32,data_33,data_34,data_35,data_36,data_37,data_38,data_39,data_40,data_41,data_42,data_43,data_44,data_45,data_46,data_47,data_48,data_49,data_50
0.64540803,0.8644746,-0.8120833,0.097120345,-1.2155006,0.11868234,0.46116263,0.5599703,0.2343427,1.1607455,-0.8833914,0.5771564,-0.27178505,0.63723826,-0.26713297,0.8196546,0.22799218,-0.94460607,-0.6018706,-0.8573777,0.37062645,-0.78284085,0.8197461,0.722147,0.27640826,-0.07043445,0.39008442,-0.6520389,-0.6959019,-0.5660731,0.45630106,0.37256554,0.8851074,0.61592746,0.9660536,-0.7786462,0.073634595,0.92202246,0.41279194,0.5704312,0.19362012,-0.44624957,1.1194649,-0.53332096,0.42286575,-0.34419534,-0.13881154,0.7896471,0.5051256,-0.7038345
