data_1,data_2,data_3,data_4,data_5,data_6,data_7,data_8,data_9,data_10
0.6450687,-0.04965715,-0.59738475,0.6424456,-0.6745888,0.5296866,-0.0027006387,-0.63511634,0.7519172,0.7500447
