data_1,data_2,data_3,data_4,data_5,data_6,data_7,data_8,data_9,data_10,data_11,data_12,data_13,data_14,data_15,data_16,data_17,data_18,data_19,data_20,data_21,data_22,data_23,data_24,data_25,data_26,data_27,data_28,data_29,data_30,data_31,data_32,data_33,data_34,data_35,data_36,data_37,data_38,data_39,data_40,data_41,data_42,data_43,data_44,data_45,data_46,data_47,data_48,data_49,data_50
-0.29544204,-0.8755184,0.95673466,-0.618583,-0.91440904,0.1917615,0.3367886,0.027750205,-0.5732321,0.36590517,-0.4600502,0.7087861,0.6935086,-0.23548089,-0.03209815,-0.19804984,-0.24509574,-0.82436717,-0.5981039,0.67667836,-0.5955423,0.46443307,0.18242048,-0.23714298,0.7901049,0.887867,-0.71440506,-0.47795737,0.24720359,-0.22675557,0.9688352,-0.80838513,0.5395833,-0.52481633,-0.5050927,0.5111561,0.005313946,-0.7936401,-0.938369,0.06694543,-0.25187266,-0.6394981,0.24798034,0.77373004,0.08375975,-0.015451334,0.5251739,0.28299892,-0.016791968,0.8445083
