parameter_1,parameter_2,parameter_3,parameter_4,parameter_5,parameter_6,parameter_7,parameter_8,parameter_9,parameter_10,parameter_11,parameter_12,parameter_13,parameter_14,parameter_15,parameter_16,parameter_17,parameter_18,parameter_19,parameter_20,parameter_21,parameter_22,parameter_23,parameter_24,parameter_25,parameter_26,parameter_27,parameter_28,parameter_29,parameter_30,parameter_31,parameter_32,parameter_33,parameter_34,parameter_35,parameter_36,parameter_37,parameter_38,parameter_39,parameter_40,parameter_41,parameter_42,parameter_43,parameter_44,parameter_45,parameter_46,parameter_47,parameter_48,parameter_49,parameter_50
-0.28899693,-0.8759459,0.95357263,-0.6195792,-0.9145992,0.18952191,0.3366685,0.027963042,-0.57398486,0.36814296,-0.46113527,0.71176744,0.6950619,-0.23483586,-0.03908646,-0.19957197,-0.2450707,-0.8253821,-0.59340847,0.67876136,-0.5995611,0.47036123,0.19045317,-0.23733652,0.7925719,0.89155173,-0.7133533,-0.47956383,0.24937248,-0.22665608,0.97444725,-0.80544233,0.5368662,-0.5251752,-0.50188863,0.5042721,0.007306576,-0.79304004,-0.939479,0.06744599,-0.25155044,-0.6406628,0.2442503,0.77211297,0.08726835,-0.018848896,0.5214069,0.29133213,-0.014798284,0.84364593
