data_1,data_2,data_3,data_4,data_5,data_6,data_7,data_8,data_9,data_10,data_11,data_12,data_13,data_14,data_15,data_16,data_17,data_18,data_19,data_20,data_21,data_22,data_23,data_24,data_25,data_26,data_27,data_28,data_29,data_30,data_31,data_32,data_33,data_34,data_35,data_36,data_37,data_38,data_39,data_40,data_41,data_42,data_43,data_44,data_45,data_46,data_47,data_48,data_49,data_50,data_51,data_52,data_53,data_54,data_55,data_56,data_57,data_58,data_59,data_60,data_61,data_62,data_63,data_64,data_65,data_66,data_67,data_68,data_69,data_70,data_71,data_72,data_73,data_74,data_75,data_76,data_77,data_78,data_79,data_80,data_81,data_82,data_83,data_84,data_85,data_86,data_87,data_88,data_89,data_90,data_91,data_92,data_93,data_94,data_95,data_96,data_97,data_98,data_99,data_100
1.6005124,-1.391666,-0.11295268,-0.47710302,-0.17799002,0.9490497,-0.27498987,0.7465833,-0.94402415,-0.3105521,-0.11548126,-0.41173142,-0.8849277,-0.40273315,-0.2562903,0.71516895,-0.18530568,-0.7617364,-0.21471146,0.051200032,0.23527354,-0.9692405,0.031740777,-0.2486543,0.60156256,-0.03457903,-0.9282969,-0.8940607,0.24857485,-1.4048395,0.6926273,0.13481157,-0.92848593,-0.28881335,0.030124515,-0.60491616,-0.5487382,0.08254078,0.8922806,-0.19571629,-0.2815715,0.29937315,0.76561475,0.18400943,-0.29259145,0.7476265,0.08629519,-0.669915,0.8638996,0.54333746,-0.32972106,0.8502938,0.7211971,0.8030692,0.023608647,-0.45458388,0.8383981,-0.080263376,-0.67508996,0.037144765,-0.5569749,-0.018941507,-0.90584004,-0.68021214,-0.17307511,0.22899294,0.006631708,0.69048476,-0.80200994,-0.17297924,0.13417494,0.84590364,-0.32683092,0.41266528,0.8129826,1.0939561,-0.14933276,-0.13202572,-0.1026569,-0.65518874,0.22877826,-1.0828128,0.053382605,0.7952408,-0.60197353,0.4433499,-1.4028804,-0.3612092,0.23982257,1.3036412,0.7949451,0.7019117,-0.23964538,-0.901129,0.21548544,-0.87225306,0.7833203,-0.9050568,-0.5854929,0.04687482
