data_1,data_2,data_3,data_4,data_5,data_6,data_7,data_8,data_9,data_10,data_11,data_12,data_13,data_14,data_15,data_16,data_17,data_18,data_19,data_20,data_21,data_22,data_23,data_24,data_25,data_26,data_27,data_28,data_29,data_30,data_31,data_32,data_33,data_34,data_35,data_36,data_37,data_38,data_39,data_40,data_41,data_42,data_43,data_44,data_45,data_46,data_47,data_48,data_49,data_50,data_51,data_52,data_53,data_54,data_55,data_56,data_57,data_58,data_59,data_60,data_61,data_62,data_63,data_64,data_65,data_66,data_67,data_68,data_69,data_70,data_71,data_72,data_73,data_74,data_75,data_76,data_77,data_78,data_79,data_80,data_81,data_82,data_83,data_84,data_85,data_86,data_87,data_88,data_89,data_90,data_91,data_92,data_93,data_94,data_95,data_96,data_97,data_98,data_99,data_100
-0.9469301,-0.41078117,0.9205767,0.9498889,0.9168518,-0.3320545,0.9044721,0.08579698,-0.8787502,-0.79667807,-0.6954663,-0.50338614,-0.39290178,0.051391542,0.46423733,1.2040672,-1.6460681,-0.77286637,0.27258405,0.27426615,-0.7153158,-0.9218366,0.98855317,0.7168726,-0.0052444935,0.58770156,0.24242318,0.024424221,-0.47050133,0.10636972,-1.2976407,0.963931,0.7059634,-0.16465107,0.08950953,1.3341393,1.2171705,-0.6403823,-1.1579354,0.36370912,0.59790933,0.7858019,0.2628356,0.37918907,0.5664183,0.086664975,-0.50761044,-0.9200928,-0.7183312,-0.7770772,1.4456829,-1.3632534,-0.7277196,0.23270404,-0.54040086,-0.2506884,-0.44058207,-0.38826746,-0.38859785,0.9407819,-0.8460402,-0.99180174,1.0688742,-0.43658066,0.7910898,-0.019962601,-0.14312991,-0.04467517,0.8702924,1.2614853,-0.95055205,0.0066794306,0.3000256,0.5218744,0.8333676,0.6555703,-0.9438761,0.074444234,0.031192608,1.0132233,-0.17620984,-0.83699584,0.6155118,0.074459165,0.81932306,0.19118503,-0.8792554,0.53632516,0.22612268,-0.025166094,0.14801864,-0.051331393,0.54923147,-0.14792642,-0.98325646,0.9026024,0.30985034,0.088606834,0.39906394,-0.021684006
