data_1,data_2,data_3,data_4,data_5,data_6,data_7,data_8,data_9,data_10
-0.27542603,-0.8642234,0.9534609,-0.62380844,-0.9222175,0.17297664,0.328183,0.013016648,-0.5577476,0.40516108
