data_1,data_2,data_3,data_4,data_5,data_6,data_7,data_8,data_9,data_10
0.5644966,-0.38744628,0.83669436,-1.0275294,0.66920763,0.3666705,-0.038745105,-0.44311306,-0.94265413,-0.9189425
