data_1,data_2,data_3,data_4,data_5
0.7678112,0.07219365,-0.5274319,0.6424058,-0.5456893
