data_1,data_2,data_3,data_4,data_5,data_6,data_7,data_8,data_9,data_10,data_11,data_12,data_13,data_14,data_15,data_16,data_17,data_18,data_19,data_20,data_21,data_22,data_23,data_24,data_25,data_26,data_27,data_28,data_29,data_30,data_31,data_32,data_33,data_34,data_35,data_36,data_37,data_38,data_39,data_40,data_41,data_42,data_43,data_44,data_45,data_46,data_47,data_48,data_49,data_50
-0.92029136,-0.0101416465,-0.051850736,0.3018999,-0.846272,-0.43188918,0.7619476,0.28666282,0.3724786,-0.25935325,0.67607695,-0.18612562,-0.6413312,1.1048689,0.13234246,1.0903504,0.18975587,0.13444734,-0.20315748,0.59274894,0.093366355,-1.5090423,-0.6960725,0.96601665,-0.8955666,-0.018557996,0.8206463,0.43704635,0.67463505,-0.26123616,0.07511142,1.051594,0.7915998,0.64424056,0.1484367,0.53985816,-0.64423394,0.33388537,-0.23515876,-0.26885974,0.61271584,-1.1785337,-0.1791625,-0.21867238,1.4301193,0.15172657,-1.0451483,-0.5175524,-0.16347963,-0.42944562
