data_1,data_2,data_3,data_4,data_5,data_6,data_7,data_8,data_9,data_10,data_11,data_12,data_13,data_14,data_15,data_16,data_17,data_18,data_19,data_20,data_21,data_22,data_23,data_24,data_25
-0.96403205,-0.46075365,0.9680946,-0.30497223,-0.8521492,-0.43217278,-0.15713495,0.7285399,-0.5116763,-0.06276926,0.84363705,-0.8229371,0.033468857,0.8790277,-0.42909372,1.4263883,-0.41500354,0.098162055,-0.57568336,0.4934885,0.31319225,-1.43619,-0.5452011,1.4096378,-0.34571525
