parameter_1,parameter_2,parameter_3,parameter_4,parameter_5,parameter_6,parameter_7,parameter_8,parameter_9,parameter_10,parameter_11,parameter_12,parameter_13,parameter_14,parameter_15,parameter_16,parameter_17,parameter_18,parameter_19,parameter_20,parameter_21,parameter_22,parameter_23,parameter_24,parameter_25
-0.8023417,0.011640668,0.4937837,0.12288535,-0.8193135,-0.30012524,0.15650165,0.87042105,-0.17070031,0.05518043,0.8654194,-0.27730262,-0.14554572,0.9059862,-0.29732978,0.8209423,0.1687547,-0.44501686,-0.26114964,0.6828309,0.22201526,-0.94040453,-0.7440839,0.97996557,-0.6151234
