data_1,data_2
0.20879774,-0.7164477
