parameter_1,parameter_2
0.29568693,-0.87399215
