data_1,data_2,data_3,data_4,data_5
-0.8925012,-0.13308974,1.129678,0.35442358,0.9031855
