data_1,data_2,data_3,data_4,data_5,data_6,data_7,data_8,data_9,data_10
-0.6225597,0.8230927,0.11344691,-0.08880966,-0.8460124,0.7835107,-0.7041709,0.084711455,0.030726947,0.5142385
