data_1,data_2,data_3,data_4,data_5,data_6,data_7,data_8,data_9,data_10
-0.9033573,0.03644497,0.54957354,-0.016280994,-0.6182013,-0.35800397,0.27966326,0.88887006,-0.04190123,0.0060621537
