data_1,data_2,data_3
0.6413795,0.023522148,0.7334659
