data_1,data_2,data_3
0.979362,0.54932123,0.8333463
