data_1,data_2,data_3
0.88487434,0.532932,0.85461116
