parameter_1,parameter_2,parameter_3
0.8650802,0.33910805,0.87181485
