data_1,data_2,data_3
0.8256849,0.37858218,0.14158717
