data_1,data_2,data_3
0.5586926,0.022642102,0.49230188
