data_1,data_2,data_3
0.76326275,0.3824084,0.056318432
