parameter_1,parameter_2,parameter_3
0.8387617,0.50657713,0.21057105
