data_1,data_2,data_3,data_4,data_5
-0.76725787,-0.09750396,0.53228015,0.3297854,-0.8774665
