data_1,data_2,data_3,data_4,data_5,data_6,data_7,data_8,data_9,data_10,data_11,data_12,data_13,data_14,data_15,data_16,data_17,data_18,data_19,data_20,data_21,data_22,data_23,data_24,data_25
0.4998955,-1.0378512,0.19301434,-0.27445886,-0.8822386,1.2083361,-0.10668674,0.10161816,-0.9318055,-0.14581555,-0.82348645,-0.08534342,-1.3935578,-0.40839818,-0.49494323,0.26721367,-0.10239061,-0.30296177,-0.44150695,0.7165996,0.47528514,-0.6813706,0.23678166,0.122065425,0.82312244
