parameter_1,parameter_2,parameter_3,parameter_4,parameter_5,parameter_6,parameter_7,parameter_8,parameter_9,parameter_10,parameter_11,parameter_12,parameter_13,parameter_14,parameter_15,parameter_16,parameter_17,parameter_18,parameter_19,parameter_20,parameter_21,parameter_22,parameter_23,parameter_24,parameter_25
0.72652316,-0.9946897,0.32040286,-0.3200866,-0.7283441,0.9077108,-0.093097925,0.14058733,-0.6240684,-0.4237193,-0.32413232,-0.38734996,-0.92586994,-0.5662675,-0.4540124,0.45869994,-0.055008054,-0.44751728,-0.059174895,0.3443849,0.8009199,-0.9910816,-0.0128299,-0.3798107,0.5735482
