data_1,data_2,data_3,data_4,data_5,data_6,data_7,data_8,data_9,data_10
-0.63518393,0.0063000843,-0.48049685,0.60680175,0.73954797,0.7877037,0.43260434,0.9357675,0.48105225,0.71699125
