data_1,data_2,data_3,data_4,data_5
-0.28698865,-0.88372654,0.9218114,-0.61310256,-0.90212256
