data_1,data_2,data_3,data_4
-0.44781494,-0.63117504,0.9012459,-0.7958015
