data_1,data_2,data_3,data_4,data_5
-0.813763,0.5733081,-0.047219165,-0.44256043,-0.059891105
