data_1,data_2,data_3,data_4,data_5,data_6,data_7,data_8,data_9,data_10,data_11,data_12,data_13,data_14,data_15,data_16,data_17,data_18,data_19,data_20,data_21,data_22,data_23,data_24,data_25
0.7685652,-0.51783633,1.0825325,-0.74236304,0.840055,0.30186749,-0.26443046,-0.7765739,-1.1893305,-0.5493318,0.88544,0.25267667,-0.7909754,-0.21018983,0.27026403,-1.1479683,0.651761,0.84550214,-0.14569023,0.47612876,-0.8817522,0.27530855,1.50858,0.28001577,-1.4222225
