parameter_1,parameter_2,parameter_3,parameter_4,parameter_5,parameter_6,parameter_7,parameter_8,parameter_9,parameter_10,parameter_11,parameter_12,parameter_13,parameter_14,parameter_15,parameter_16,parameter_17,parameter_18,parameter_19,parameter_20,parameter_21,parameter_22,parameter_23,parameter_24,parameter_25
0.73016036,-0.3217839,0.7436297,-0.98562,0.5888654,0.55506134,-0.02393043,-0.34145534,-0.9468237,-0.99791837,0.91313374,0.3935609,-0.5495033,-0.3334254,-0.3332833,-0.69381535,0.43925703,0.74771094,0.23420012,0.9404241,-0.829445,0.5481683,0.9770688,0.5056602,-0.8125527
