data_1,data_2,data_3,data_4,data_5
0.75651944,-0.1824375,0.8741329,-0.9787862,0.5530465
