data_1,data_2,data_3,data_4,data_5,data_6,data_7,data_8,data_9,data_10,data_11,data_12,data_13,data_14,data_15,data_16,data_17,data_18,data_19,data_20,data_21,data_22,data_23,data_24,data_25,data_26,data_27,data_28,data_29,data_30,data_31,data_32,data_33,data_34,data_35,data_36,data_37,data_38,data_39,data_40,data_41,data_42,data_43,data_44,data_45,data_46,data_47,data_48,data_49,data_50,data_51,data_52,data_53,data_54,data_55,data_56,data_57,data_58,data_59,data_60,data_61,data_62,data_63,data_64,data_65,data_66,data_67,data_68,data_69,data_70,data_71,data_72,data_73,data_74,data_75
-0.33184758,-1.0574021,0.5769653,-0.8227063,-0.63734245,0.262617,0.7645835,-0.17348392,-0.6891096,0.7155303,-0.9750408,0.7200439,0.5564372,0.14011279,-0.3695045,0.32912868,-0.8263815,-0.392285,-1.0204453,0.3827923,-0.5570309,0.50177974,0.6004443,-0.5490949,0.8309389,0.48976952,-0.605355,-0.12688914,0.98278934,-0.36480683,0.9479709,-0.8326941,0.6276176,-0.7377169,-0.07122964,0.67090845,0.20181216,-0.82806975,-1.3949845,-0.05769828,-0.45239258,-0.39653957,0.440378,0.3291122,0.28373483,0.019810267,0.80558586,0.5817487,-0.2360122,0.86623245,0.64690113,0.5799493,-0.25021622,0.21944402,0.7756213,-0.093550175,1.3143063,-0.18926913,-0.097413376,1.3307681,-0.68491024,1.4557159,0.04040748,-0.83054864,-0.48985472,-0.03914942,-0.487964,-1.5585557,0.095415145,-0.2106911,0.16289061,-0.7593503,-0.05354698,0.26918358,-0.09477016
