data_1,data_2,data_3,data_4,data_5,data_6,data_7,data_8,data_9,data_10,data_11,data_12,data_13,data_14,data_15,data_16,data_17,data_18,data_19,data_20,data_21,data_22,data_23,data_24,data_25,data_26,data_27,data_28,data_29,data_30,data_31,data_32,data_33,data_34,data_35,data_36,data_37,data_38,data_39,data_40,data_41,data_42,data_43,data_44,data_45,data_46,data_47,data_48,data_49,data_50,data_51,data_52,data_53,data_54,data_55,data_56,data_57,data_58,data_59,data_60,data_61,data_62,data_63,data_64,data_65,data_66,data_67,data_68,data_69,data_70,data_71,data_72,data_73,data_74,data_75,data_76,data_77,data_78,data_79,data_80,data_81,data_82,data_83,data_84,data_85,data_86,data_87,data_88,data_89,data_90,data_91,data_92,data_93,data_94,data_95,data_96,data_97,data_98,data_99,data_100
1.0414536,0.09705881,-0.6949334,0.74498713,-0.3659774,0.27399772,-0.3014227,-0.79045284,0.8791039,0.4056927,0.72734463,0.2587463,-0.066227585,0.71641797,-0.33401507,0.3708253,-0.038535237,-0.5527369,0.2919824,0.47721332,-0.2910233,0.25168377,0.7732849,-0.8165524,0.31806964,-0.88274306,0.42317083,0.6995634,-1.2850702,-0.40867972,1.2072446,-0.6061735,-1.1401722,-0.74571127,-0.3902157,-0.43382806,-0.62283367,-0.5567061,-0.22666258,-0.2733934,-0.628085,-1.4886208,0.062303692,0.7849622,-0.85293645,-0.40156096,0.11981699,0.6399594,0.14485475,0.39856783,-0.6601641,-0.44130805,-0.88618934,0.98271346,0.33855394,-0.18467842,-0.59654856,1.3312302,1.1168692,0.8367348,-0.07148419,-1.1037948,0.97005683,1.1854588,-0.1268822,0.20966178,-0.7903865,-0.16187565,-0.024294257,-0.31320846,0.3410064,-0.4980207,0.77480596,-0.2835888,0.16493022,-0.75532395,-0.15981,0.10550341,0.7219194,-1.1311564,-0.08722025,-0.72891474,0.15298775,0.86300606,-0.24367204,0.54681754,0.31516343,-0.6214002,-0.028534561,0.055914536,1.10056,-0.5559239,0.3214733,-0.31107503,-0.084218554,-0.8399199,0.43810427,0.71509063,1.1572584,0.1836251
