parameter_1,parameter_2,parameter_3,parameter_4,parameter_5,parameter_6,parameter_7,parameter_8,parameter_9,parameter_10,parameter_11,parameter_12,parameter_13,parameter_14,parameter_15,parameter_16,parameter_17,parameter_18,parameter_19,parameter_20,parameter_21,parameter_22,parameter_23,parameter_24,parameter_25,parameter_26,parameter_27,parameter_28,parameter_29,parameter_30,parameter_31,parameter_32,parameter_33,parameter_34,parameter_35,parameter_36,parameter_37,parameter_38,parameter_39,parameter_40,parameter_41,parameter_42,parameter_43,parameter_44,parameter_45,parameter_46,parameter_47,parameter_48,parameter_49,parameter_50,parameter_51,parameter_52,parameter_53,parameter_54,parameter_55,parameter_56,parameter_57,parameter_58,parameter_59,parameter_60,parameter_61,parameter_62,parameter_63,parameter_64,parameter_65,parameter_66,parameter_67,parameter_68,parameter_69,parameter_70,parameter_71,parameter_72,parameter_73,parameter_74,parameter_75,parameter_76,parameter_77,parameter_78,parameter_79,parameter_80,parameter_81,parameter_82,parameter_83,parameter_84,parameter_85,parameter_86,parameter_87,parameter_88,parameter_89,parameter_90,parameter_91,parameter_92,parameter_93,parameter_94,parameter_95,parameter_96,parameter_97,parameter_98,parameter_99,parameter_100
0.6775234,0.013154268,-0.5788579,0.61971605,-0.6461849,0.5230421,-0.0032577515,-0.6397122,0.76371455,0.766533,0.918524,0.5365317,-0.27053595,0.4937259,-0.4102893,0.85103285,0.087362766,-0.85255444,0.36585653,0.53816164,0.33663356,0.34924376,0.80770016,-0.7534063,0.5026647,-0.34789217,0.1627891,0.8805951,-0.9535557,-0.38009953,0.7391473,-0.28614473,-0.8558959,-0.86935246,-0.93775463,-0.49674463,-0.5826498,-0.2088499,-0.5651132,-0.38103938,-0.31326115,-0.80417216,-0.11174786,0.662725,-0.1295098,0.14519858,0.049405098,0.6341617,-0.16790557,0.30493915,-0.82916653,-0.82756686,-0.8687985,0.7392937,0.40357697,-0.20722163,-0.4268639,0.68406653,0.6049503,0.58252335,0.06391466,-0.969749,0.39898288,0.94820166,0.16280591,0.47258973,-0.9568683,-0.056051016,-0.9488499,-0.22798228,-0.20919645,-0.41986656,0.64837956,0.10093975,0.050591707,-0.20261693,-0.42233276,0.4696145,0.7122874,-0.65216696,-0.4440682,-0.92929614,-0.12195337,0.807611,-0.21170759,0.52674997,0.37859666,-0.5580723,-0.45348442,-0.12979078,0.6892036,-0.61516523,-0.09214103,-0.084340215,-0.14804173,-0.9230782,0.25958693,0.9425514,0.93643653,0.9256581
