data_1,data_2,data_3,data_4,data_5
0.76069885,0.030965311,-0.6961043,0.5605653,-0.6438039
