data_1,data_2,data_3,data_4,data_5
-0.77386284,-0.012929415,0.48388362,0.1558497,-0.8202119
