data_1,data_2,data_3,data_4,data_5,data_6,data_7,data_8,data_9,data_10
-0.6331506,0.0043197013,-0.47614813,0.5976005,0.74073166,0.7892145,0.44086987,0.94374317,0.48330665,0.72156227
