data_1,data_2,data_3,data_4,data_5,data_6,data_7,data_8,data_9,data_10
-0.27925354,-0.86151963,0.9546804,-0.62123924,-0.9241117,0.17984463,0.3371216,0.021869604,-0.5530491,0.39569628
