data_1,data_2,data_3
-1.3684516,0.04175608,0.27192822
