parameter_1,parameter_2,parameter_3
-0.8023417,0.011640668,0.4937837
