data_1,data_2,data_3,data_4,data_5
0.8792416,0.7143835,-0.9550929,0.7275514,-0.6915358
