data_1,data_2,data_3,data_4,data_5,data_6,data_7,data_8
0.7635052,-0.42711353,-0.5886822,-0.07484868,0.03316791,-0.020039514,0.79038763,-0.60889196
