parameter_1,parameter_2,parameter_3,parameter_4,parameter_5,parameter_6,parameter_7,parameter_8
0.3231766,-0.48194557,-0.158818,0.24477085,-0.05232675,-0.17622235,0.11508731,-0.59824085
