data_1,data_2,data_3
-0.7879909,0.7021928,0.037712485
