parameter_1,parameter_2,parameter_3
-0.61911654,0.829502,0.10599208
