data_1,data_2,data_3,data_4,data_5,data_6,data_7,data_8
0.7600845,-0.25415325,0.8019922,-0.04559657,0.83666897,-0.16575977,0.87739974,0.035580724
