parameter_1,parameter_2,parameter_3,parameter_4,parameter_5
0.7882282,-0.15066645,-0.22938693,-0.5575974,0.91316277
