data_1,data_2,data_3,data_4,data_5,data_6,data_7,data_8,data_9,data_10,data_11,data_12,data_13,data_14,data_15,data_16,data_17,data_18,data_19,data_20,data_21,data_22,data_23,data_24,data_25,data_26,data_27,data_28,data_29,data_30,data_31,data_32,data_33,data_34,data_35,data_36,data_37,data_38,data_39,data_40,data_41,data_42,data_43,data_44,data_45,data_46,data_47,data_48,data_49,data_50,data_51,data_52,data_53,data_54,data_55,data_56,data_57,data_58,data_59,data_60,data_61,data_62,data_63,data_64,data_65,data_66,data_67,data_68,data_69,data_70,data_71,data_72,data_73,data_74,data_75
1.3166394,-1.1933782,0.4686085,0.18012291,-0.5164936,0.6488806,0.008300841,0.33460155,-1.117823,-0.4853666,-0.7208932,-0.37110052,-0.7360469,-0.876271,-0.48514456,0.22029033,-0.6492312,-0.10227838,-0.18883498,0.17657687,0.8706433,-0.8726656,0.1262708,-0.4532677,1.073392,0.007886475,-0.8937146,-1.1368589,0.14622381,-1.3543413,0.8740609,0.2691878,-0.30895072,0.95182145,-0.68359876,0.404547,-0.8711648,-0.027080718,0.80349123,-0.18685555,-0.10626295,0.5308752,0.52123857,0.48944962,-0.22013976,0.33157432,-0.3812598,-0.73064786,0.9996198,0.30680308,-0.01165469,0.9646423,0.770194,0.92082924,-0.60560715,-1.1397165,0.6056624,-0.37486333,-1.1759895,0.10275308,-0.589894,0.54885805,-0.45270628,-0.33165267,-0.38612807,-0.5541222,0.10449362,0.91923106,-1.0537066,0.31446326,0.123891726,0.2496135,-0.37144995,0.35236102,0.89234555
