parameter_1,parameter_2,parameter_3,parameter_4,parameter_5,parameter_6,parameter_7,parameter_8,parameter_9,parameter_10,parameter_11,parameter_12,parameter_13,parameter_14,parameter_15,parameter_16,parameter_17,parameter_18,parameter_19,parameter_20,parameter_21,parameter_22,parameter_23,parameter_24,parameter_25,parameter_26,parameter_27,parameter_28,parameter_29,parameter_30,parameter_31,parameter_32,parameter_33,parameter_34,parameter_35,parameter_36,parameter_37,parameter_38,parameter_39,parameter_40,parameter_41,parameter_42,parameter_43,parameter_44,parameter_45,parameter_46,parameter_47,parameter_48,parameter_49,parameter_50,parameter_51,parameter_52,parameter_53,parameter_54,parameter_55,parameter_56,parameter_57,parameter_58,parameter_59,parameter_60,parameter_61,parameter_62,parameter_63,parameter_64,parameter_65,parameter_66,parameter_67,parameter_68,parameter_69,parameter_70,parameter_71,parameter_72,parameter_73,parameter_74,parameter_75
0.72652316,-0.9946897,0.32040286,-0.3200866,-0.7283441,0.9077108,-0.093097925,0.14058733,-0.6240684,-0.4237193,-0.32413232,-0.38734996,-0.92586994,-0.5662675,-0.4540124,0.45869994,-0.055008054,-0.44751728,-0.059174895,0.3443849,0.8009199,-0.9910816,-0.0128299,-0.3798107,0.5735482,0.036481977,-0.82924974,-0.7459446,0.0818944,-0.77158904,0.7209866,0.05658698,-0.9149467,0.2979492,-0.39528465,0.2188412,-0.53688776,-0.04901302,0.6589931,-0.48883986,-0.36273193,0.14427686,0.3248632,0.21116757,-0.4123479,0.3751253,-0.21873248,-0.75700724,0.8684634,-0.03985095,-0.22447646,0.7232151,0.36593986,0.6057235,-0.09300327,-0.45243418,0.5274378,-0.4484371,-0.8473232,0.20799768,-0.7169727,0.19360077,-0.65005195,-0.4482646,-0.38397837,-0.44027853,-0.018232942,0.74699783,-0.88285375,0.15446544,0.336434,0.5054016,-0.1395024,0.13975847,0.95331883
