data_1,data_2,data_3,data_4,data_5,data_6,data_7,data_8
-0.14088959,-1.5344651,-0.022792496,-0.48178735,-0.8757501,0.13561901,-0.65394443,0.153522
