data_1,data_2,data_3,data_4,data_5,data_6,data_7,data_8,data_9,data_10
0.72410595,-1.002721,0.32741877,-0.30416262,-0.7277807,0.9009852,-0.08518053,0.13794205,-0.62770903,-0.43185067
