data_1,data_2,data_3,data_4,data_5
-0.28117326,-1.0297714,0.34982485,-0.51448953,-0.71756244
