data_1,data_2,data_3
0.55691475,0.030721549,1.3360226
