data_1,data_2,data_3
0.105030075,0.54181623,0.49566698
