data_1,data_2,data_3
0.16796039,0.51658654,0.3667863
