parameter_1,parameter_2,parameter_3
0.18114364,0.50093275,0.26251966
