data_1,data_2,data_3,data_4,data_5
0.69885164,-1.0244715,0.30865398,-0.2875317,-0.7340177
