data_1,data_2
-1.0010003,1.0272098
