data_1,data_2,data_3,data_4,data_5
0.6026032,-1.4466478,-0.098443046,0.06945963,-0.13222347
