parameter_1,parameter_2,parameter_3,parameter_4,parameter_5
0.29568693,-0.87399215,-0.08688919,0.15754443,0.24703713
