data_1,data_2,data_3,data_4,data_5,data_6,data_7,data_8,data_9,data_10,data_11,data_12,data_13,data_14,data_15,data_16,data_17,data_18,data_19,data_20,data_21,data_22,data_23,data_24,data_25,data_26,data_27,data_28,data_29,data_30,data_31,data_32,data_33,data_34,data_35,data_36,data_37,data_38,data_39,data_40,data_41,data_42,data_43,data_44,data_45,data_46,data_47,data_48,data_49,data_50
0.74104244,-0.31895125,0.73731303,-0.98757464,0.5847057,0.5555185,-0.021078043,-0.3427223,-0.943219,-0.9955855,0.9129231,0.39566603,-0.5514212,-0.3290526,-0.34348994,-0.69696605,0.4372458,0.7461738,0.24250954,0.94665587,-0.8348753,0.5579665,0.9879297,0.50572324,-0.8058407,-0.47309297,-0.2954173,-0.13376354,-0.36538005,-0.44464606,0.2612217,-0.48320165,0.88324666,0.5505444,0.26740864,-1.0144074,0.8501838,0.9458825,0.31140617,-0.051538732,0.30429232,-0.7360906,0.5517556,0.7419808,-0.96202505,-0.5704314,0.21707278,0.0023350678,-0.5294511,-0.72754204
