data_1,data_2,data_3,data_4,data_5,data_6,data_7,data_8,data_9,data_10,data_11,data_12,data_13,data_14,data_15,data_16,data_17,data_18,data_19,data_20,data_21,data_22,data_23,data_24,data_25
1.057969,0.89653635,-0.6264395,0.6203991,-0.39843914,0.26243046,0.21575066,0.31540322,-0.16395298,0.16258344,-0.7977987,0.89250463,-0.6232117,-0.16275382,-0.27737433,0.2471947,-0.03002818,-0.6163744,0.27164555,-0.8357624,0.37139988,-0.8590435,0.90861166,0.6859317,1.1284806
