parameter_1,parameter_2,parameter_3,parameter_4,parameter_5,parameter_6,parameter_7,parameter_8,parameter_9,parameter_10,parameter_11,parameter_12,parameter_13,parameter_14,parameter_15,parameter_16,parameter_17,parameter_18,parameter_19,parameter_20,parameter_21,parameter_22,parameter_23,parameter_24,parameter_25
0.89478576,0.71784866,-0.96226573,0.72463524,-0.68452966,0.3685118,0.5850848,0.65575254,0.15802038,0.4119612,-0.9444246,0.7423222,0.004303217,0.3682171,-0.027544856,0.37111688,0.065754056,-0.6926967,-0.47713876,-0.89679563,0.53656566,-0.58295524,0.6395905,0.9255198,0.67994285
