data_1,data_2
0.699961,-0.8627202
