data_1,data_2
0.16435859,-0.23717472
