parameter_1,parameter_2
0.3231766,-0.48194557
