data_1,data_2,data_3,data_4,data_5,data_6,data_7,data_8,data_9,data_10
0.8953679,0.7185734,-0.96026695,0.7223378,-0.68287104,0.3697923,0.58076906,0.6540253,0.15916769,0.4052813
