data_1,data_2,data_3,data_4,data_5,data_6,data_7,data_8,data_9,data_10,data_11,data_12,data_13,data_14,data_15,data_16,data_17,data_18,data_19,data_20,data_21,data_22,data_23,data_24,data_25,data_26,data_27,data_28,data_29,data_30,data_31,data_32,data_33,data_34,data_35,data_36,data_37,data_38,data_39,data_40,data_41,data_42,data_43,data_44,data_45,data_46,data_47,data_48,data_49,data_50
-0.8040578,0.011804779,0.48592737,0.12495289,-0.8198726,-0.3029952,0.16573703,0.8616983,-0.16468234,0.049595065,0.86089253,-0.27501976,-0.15300195,0.90727365,-0.29289788,0.8252818,0.16974369,-0.43451878,-0.26069614,0.67419225,0.21893668,-0.9554541,-0.7411177,0.9884134,-0.62035334,0.020454273,0.741025,0.35968408,0.6553892,-0.11386599,0.28890345,0.2577672,0.64108336,0.36869097,0.22848049,0.9505555,-0.24766392,0.4700727,-0.40711847,0.24351414,0.43130365,-0.74693286,-0.5255654,-0.0242582,0.8697644,0.13220304,-0.9749452,-0.37847668,0.34929195,-0.45153612
