parameter_1,parameter_2,parameter_3,parameter_4,parameter_5,parameter_6,parameter_7,parameter_8,parameter_9,parameter_10,parameter_11,parameter_12,parameter_13,parameter_14,parameter_15,parameter_16,parameter_17,parameter_18,parameter_19,parameter_20,parameter_21,parameter_22,parameter_23,parameter_24,parameter_25,parameter_26,parameter_27,parameter_28,parameter_29,parameter_30,parameter_31,parameter_32,parameter_33,parameter_34,parameter_35,parameter_36,parameter_37,parameter_38,parameter_39,parameter_40,parameter_41,parameter_42,parameter_43,parameter_44,parameter_45,parameter_46,parameter_47,parameter_48,parameter_49,parameter_50
-0.8023417,0.011640668,0.4937837,0.12288535,-0.8193135,-0.30012524,0.15650165,0.87042105,-0.17070031,0.05518043,0.8654194,-0.27730262,-0.14554572,0.9059862,-0.29732978,0.8209423,0.1687547,-0.44501686,-0.26114964,0.6828309,0.22201526,-0.94040453,-0.7440839,0.97996557,-0.6151234,0.018717408,0.7355037,0.3626424,0.6533234,-0.11251736,0.29574656,0.2491293,0.63618493,0.3590541,0.23356903,0.9591646,-0.24290395,0.4694363,-0.40667367,0.24934852,0.42186177,-0.74134576,-0.5330515,-0.020045519,0.8591269,0.13101268,-0.9809389,-0.37246728,0.35204804,-0.4588778
