data_1,data_2,data_3,data_4,data_5
0.73279625,-0.30784926,0.75668,-0.98493665,0.5852835
