data_1,data_2,data_3,data_4,data_5
0.8512007,0.7250195,-1.0122346,0.65778166,-0.7204041
