data_1,data_2
-0.30198914,-0.0671726
