data_1,data_2,data_3,data_4,data_5,data_6,data_7,data_8,data_9,data_10
0.6974466,-0.36835268,0.71709067,-1.031721,0.63302267,0.5365431,0.020206258,-0.37014088,-0.93140763,-1.031903
