data_1,data_2
-0.921932,0.0076105
