parameter_1,parameter_2
-0.11919082,-0.46535635
