data_1,data_2,data_3,data_4,data_5
0.49999997,0.49999997,0.49999997,0.49999997,0.49999997
