data_1,data_2,data_3,data_4,data_5,data_6,data_7,data_8,data_9,data_10
-0.81098026,0.49382314,0.0019155527,-0.45299968,-0.18080689,0.81351167,0.5410039,-0.3206385,-0.46362638,0.86275184
