data_1,data_2,data_3,data_4,data_5
-0.615886,0.8346145,0.11119811,-0.09337994,-0.86010945
