data_1,data_2,data_3,data_4,data_5
-0.8012635,0.50406075,-0.01020671,-0.44319233,-0.15490118
