data_1,data_2,data_3
1.1051774,0.30464607,-0.4436853
