data_1,data_2,data_3
0.5549169,0.028635599,0.98639303
