data_1,data_2,data_3
0.97472197,0.34898126,-0.1879926
