parameter_1,parameter_2,parameter_3
0.9473929,0.8589243,0.018867135
