data_1,data_2
1.0384599,0.91806847
