parameter_1,parameter_2
0.89478576,0.71784866
