data_1,data_2,data_3
0.81691974,0.74166435,0.30752385
