data_1,data_2,data_3
0.8552349,0.8327509,0.5024792
