data_1,data_2,data_3
0.5902741,0.027737409,1.2404935
