parameter_1,parameter_2,parameter_3
0.8632616,0.0026551485,0.66020143
