data_1,data_2,data_3,data_4,data_5,data_6,data_7,data_8,data_9,data_10
-0.626934,0.8117715,0.12510753,-0.07940558,-0.821842,0.7857636,-0.7040971,0.11348921,0.01684545,0.4784551
