data_1,data_2,data_3
0.53883404,0.02922631,0.8769723
