data_1,data_2,data_3
0.1744209,0.42331725,0.50981224
