data_1,data_2,data_3
0.09794541,0.39686298,0.4564341
