parameter_1,parameter_2,parameter_3
0.19044173,0.914751,0.55299604
