data_1,data_2,data_3,data_4,data_5
-0.8120702,0.5250836,-0.006687193,-0.43623802,-0.13459697
