data_1,data_2,data_3,data_4,data_5,data_6,data_7,data_8,data_9,data_10,data_11,data_12,data_13,data_14,data_15,data_16,data_17,data_18,data_19,data_20,data_21,data_22,data_23,data_24,data_25,data_26,data_27,data_28,data_29,data_30,data_31,data_32,data_33,data_34,data_35,data_36,data_37,data_38,data_39,data_40,data_41,data_42,data_43,data_44,data_45,data_46,data_47,data_48,data_49,data_50,data_51,data_52,data_53,data_54,data_55,data_56,data_57,data_58,data_59,data_60,data_61,data_62,data_63,data_64,data_65,data_66,data_67,data_68,data_69,data_70,data_71,data_72,data_73,data_74,data_75,data_76,data_77,data_78,data_79,data_80,data_81,data_82,data_83,data_84,data_85,data_86,data_87,data_88,data_89,data_90,data_91,data_92,data_93,data_94,data_95,data_96,data_97,data_98,data_99,data_100
0.20559675,-0.48970807,0.6157951,-1.7656448,1.075835,0.8216821,0.008649286,-0.64311075,-0.6234633,-0.2168392,0.8499298,0.7150464,-0.6855971,-0.1698385,0.22758603,-0.43371832,0.028618246,0.8510278,0.04396908,1.3411714,-1.59564,0.40415525,0.76471937,0.77099013,-1.1756718,-0.7579108,0.053056866,0.09924126,-0.251774,-0.50474244,0.13311449,-0.6326077,0.3756836,0.43872046,0.20233384,-0.9380821,1.3734806,0.5993341,0.7158723,-0.37516856,-0.036610335,-0.77793676,0.3522336,0.5566995,-1.4396756,-0.43365368,0.24734111,-0.06174891,-0.28100535,-0.7651087,0.72065353,0.2916713,1.0756137,-0.40889347,-0.3188734,0.8167378,0.41882846,0.6159941,-0.8597657,0.8064292,0.89221144,0.18187153,0.5627997,-1.3970613,0.3282206,0.8350947,-0.6128139,-0.70867145,0.15400028,0.6515912,-0.68156946,-0.365499,0.008888282,-1.3101118,-0.6505275,0.28506553,0.744155,0.27994376,-0.52040404,-0.38305578,0.3086319,0.36186695,-0.9501993,0.02107799,0.37476796,-1.0991013,-0.2603199,0.30762678,-0.22146432,-0.46713635,1.1806853,-0.8010342,-0.13208628,-0.7844008,0.70516294,-0.6768112,0.24432856,0.84692407,0.57147884,-0.93231344
