data_1,data_2,data_3,data_4,data_5
0.64591134,-1.0286005,0.4445939,-0.19488105,-0.681473
