data_1,data_2,data_3,data_4,data_5
-0.28874952,-0.8808103,0.9344804,-0.61625594,-0.90836835
