data_1,data_2,data_3,data_4,data_5,data_6,data_7,data_8,data_9,data_10,data_11,data_12,data_13,data_14,data_15,data_16,data_17,data_18,data_19,data_20,data_21,data_22,data_23,data_24,data_25,data_26,data_27,data_28,data_29,data_30,data_31,data_32,data_33,data_34,data_35,data_36,data_37,data_38,data_39,data_40,data_41,data_42,data_43,data_44,data_45,data_46,data_47,data_48,data_49,data_50
0.73056644,-1.0151739,0.32024157,-0.34778458,-0.71285206,0.9367861,-0.10577273,0.14484541,-0.5952034,-0.40368772,-0.2925193,-0.40458912,-0.9161674,-0.5439955,-0.41944987,0.4513697,-0.063009694,-0.4700767,-0.054729305,0.41208184,0.81102425,-0.9402874,-0.032963857,-0.4331958,0.5812744,0.018431976,-0.85652316,-0.7225892,0.06368415,-0.7701313,0.74380386,0.07676612,-0.9308666,0.26970473,-0.3578704,0.23026781,-0.5487773,-0.0674661,0.68528944,-0.49807805,-0.40945822,0.148988,0.30436262,0.22170469,-0.42540297,0.3692646,-0.26073587,-0.7302914,0.84283936,-0.08033976
