parameter_1,parameter_2,parameter_3,parameter_4,parameter_5,parameter_6,parameter_7,parameter_8,parameter_9,parameter_10,parameter_11,parameter_12,parameter_13,parameter_14,parameter_15,parameter_16,parameter_17,parameter_18,parameter_19,parameter_20,parameter_21,parameter_22,parameter_23,parameter_24,parameter_25,parameter_26,parameter_27,parameter_28,parameter_29,parameter_30,parameter_31,parameter_32,parameter_33,parameter_34,parameter_35,parameter_36,parameter_37,parameter_38,parameter_39,parameter_40,parameter_41,parameter_42,parameter_43,parameter_44,parameter_45,parameter_46,parameter_47,parameter_48,parameter_49,parameter_50
0.72652316,-0.9946897,0.32040286,-0.3200866,-0.7283441,0.9077108,-0.093097925,0.14058733,-0.6240684,-0.4237193,-0.32413232,-0.38734996,-0.92586994,-0.5662675,-0.4540124,0.45869994,-0.055008054,-0.44751728,-0.059174895,0.3443849,0.8009199,-0.9910816,-0.0128299,-0.3798107,0.5735482,0.036481977,-0.82924974,-0.7459446,0.0818944,-0.77158904,0.7209866,0.05658698,-0.9149467,0.2979492,-0.39528465,0.2188412,-0.53688776,-0.04901302,0.6589931,-0.48883986,-0.36273193,0.14427686,0.3248632,0.21116757,-0.4123479,0.3751253,-0.21873248,-0.75700724,0.8684634,-0.03985095
