data_1,data_2,data_3,data_4,data_5,data_6,data_7,data_8,data_9,data_10,data_11,data_12,data_13,data_14,data_15,data_16,data_17,data_18,data_19,data_20,data_21,data_22,data_23,data_24,data_25,data_26,data_27,data_28,data_29,data_30,data_31,data_32,data_33,data_34,data_35,data_36,data_37,data_38,data_39,data_40,data_41,data_42,data_43,data_44,data_45,data_46,data_47,data_48,data_49,data_50,data_51,data_52,data_53,data_54,data_55,data_56,data_57,data_58,data_59,data_60,data_61,data_62,data_63,data_64,data_65,data_66,data_67,data_68,data_69,data_70,data_71,data_72,data_73,data_74,data_75,data_76,data_77,data_78,data_79,data_80,data_81,data_82,data_83,data_84,data_85,data_86,data_87,data_88,data_89,data_90,data_91,data_92,data_93,data_94,data_95,data_96,data_97,data_98,data_99,data_100
-0.83490056,-1.0381833,0.8155792,-0.7163205,-0.36164594,0.26975965,0.038796186,0.11871447,-0.2166897,0.056486517,-0.72677803,0.9256229,0.7421335,-1.1884563,0.19656318,-0.4004141,-0.44338658,-0.850781,-1.1246274,0.7177299,-0.31819195,0.32347506,-0.06708145,-0.45855045,1.0188141,1.0074933,-0.930356,-0.6388443,0.3604637,0.063803285,1.070737,-0.41250372,1.0172855,-0.42567697,-0.058731854,0.11141127,-0.45913625,-0.63616323,-0.8771227,-0.12936887,-0.014377639,-0.46002033,0.6466367,0.5989766,0.18068226,0.15118745,0.5360833,0.45208493,0.036793675,0.49362996,0.958521,0.21050088,1.0666184,0.083744586,0.85089505,-0.17667964,1.1603415,-0.03411585,-0.91984665,1.1095011,-0.8616164,0.14593846,0.21375862,-0.70725924,-0.6811421,0.075686514,-0.75231534,-0.82294023,-0.027040247,-0.014385492,0.39848134,-1.304251,-0.26615444,0.24250074,-0.31163213,-0.6355753,0.26330402,0.6773818,-0.6794846,-0.33208498,0.0050014835,0.44387013,0.7972077,0.08463445,-0.37505573,0.3413177,-0.46165612,1.4100747,-0.75419056,0.94468075,0.23756981,0.40710565,0.94132304,0.13836512,0.41889107,0.87009495,-1.106847,0.43249226,0.1433639,0.20898049
