data_1,data_2,data_3
0.64191496,-1.4330369,0.07102215
