parameter_1,parameter_2,parameter_3
0.72652316,-0.9946897,0.32040286
