data_1,data_2,data_3,data_4,data_5,data_6,data_7,data_8
0.31419462,-0.6704482,0.6013953,0.9684136,-0.6243361,0.44943982,-0.3654911,0.77295387
