parameter_1,parameter_2,parameter_3,parameter_4,parameter_5,parameter_6,parameter_7,parameter_8
0.21370807,-0.14310072,0.3802537,0.23015006,-0.4929388,-0.011544324,-0.05810091,0.19308132
