data_1,data_2,data_3,data_4,data_5
0.96303844,0.1998532,-0.41623467,0.69146734,-0.32838988
