data_1,data_2,data_3,data_4,data_5
0.88100296,0.72011626,-0.9780673,0.7034943,-0.69587415
