parameter_1,parameter_2,parameter_3,parameter_4,parameter_5
0.89478576,0.71784866,-0.96226573,0.72463524,-0.68452966
