data_1,data_2,data_3,data_4,data_5,data_6,data_7,data_8,data_9,data_10
0.7188793,-1.0200866,0.34258914,-0.26973054,-0.72656256,0.88644266,-0.06806092,0.13222219,-0.63558114,-0.44943297
