data_1,data_2,data_3,data_4,data_5
0.4498082,-1.2925081,0.20291394,0.0054623783,-0.7850807
