data_1,data_2,data_3
-0.8168228,-0.94830525,1.226512
