parameter_1,parameter_2,parameter_3
-0.28899693,-0.8759459,0.95357263
