data_1,data_2
-0.18050434,0.20135662
