parameter_1,parameter_2
-0.15898985,-0.08629426
