data_1,data_2,data_3,data_4,data_5,data_6,data_7,data_8,data_9,data_10,data_11,data_12,data_13,data_14,data_15,data_16,data_17,data_18,data_19,data_20,data_21,data_22,data_23,data_24,data_25,data_26,data_27,data_28,data_29,data_30,data_31,data_32,data_33,data_34,data_35,data_36,data_37,data_38,data_39,data_40,data_41,data_42,data_43,data_44,data_45,data_46,data_47,data_48,data_49,data_50,data_51,data_52,data_53,data_54,data_55,data_56,data_57,data_58,data_59,data_60,data_61,data_62,data_63,data_64,data_65,data_66,data_67,data_68,data_69,data_70,data_71,data_72,data_73,data_74,data_75
-0.45585597,0.23676546,-0.29240477,0.3400706,0.8684932,0.94325846,0.31244308,0.7896803,0.41644484,0.9463712,-0.3385778,-0.20532641,0.1631234,0.9557804,-1.111516,0.29750872,0.18833031,-0.19612387,0.7216953,0.7238703,1.1299891,0.2331436,0.086498916,-0.7052232,0.7434154,-1.0574611,-0.19670731,-0.6785564,-0.2719981,-0.2655159,0.7636642,-0.023658395,-0.049660012,0.6831274,0.24576205,1.3023401,-0.07272065,0.4501127,0.119665235,-1.1781182,-0.56117344,-0.27982423,0.065601826,0.3931485,-0.38522607,0.55678856,0.9427894,-0.16453163,-0.08392459,-0.5914405,-0.68348885,-0.7094655,0.08944476,-0.0801,-1.4119984,0.7449681,-0.4065156,0.30918032,-0.57427037,-0.43743318,-0.82951975,0.26137486,-0.28131485,0.3801113,-0.45922664,-1.1188128,0.35456377,-0.5384871,-0.76564276,0.32852653,-0.16796452,0.2864601,-0.693686,0.9607425,1.0516798
